"ID","NAME","STATUS","PREFIXES AS URL","PREFIXES AS LRU","HOME PAGE","START PAGES","CRAWLED","CRAWLING STATUS","INDEXING STATUS","INDEGREE","OUTDEGREE","NEIGHBOORS COUNT","TOTAL KNOWN PAGES","CRAWLED PAGES","CREATION TIMESTAMP","CREATION DATE","LAST MODIFICATION TIMESTAMP","LAST MODIFICATION DATE","Crawl Source (TAGS)","forme éditoriale (TAGS)","acteur (TAGS)","mergedWebEntities (TECHNICAL INFO)","recrawlNeeded (TECHNICAL INFO)","createdBy (TECHNICAL INFO)"
"8","Lepartidegauche.fr","IN","http://lepartidegauche.fr http://www.lepartidegauche.fr https://lepartidegauche.fr https://www.lepartidegauche.fr","s:https|h:fr|h:lepartidegauche| s:https|h:fr|h:lepartidegauche|h:www| s:http|h:fr|h:lepartidegauche| s:http|h:fr|h:lepartidegauche|h:www|","http://adherents.lepartidegauche.fr","http://lepartidegauche.fr http://www.lepartidegauche.fr http://www.lepartidegauche.fr/index.php?option=com_content&view=article&id=125%3Aderniere-minute&catid=42%3Aeditoriaux&Itemid=90 http://www.lepartidegauche.fr/index.php?option=com_content&view=article&id=127%3Aune-rencontre-dynamisante-et-stimulante&catid=42%3Aeditoriaux&Itemid=90 http://www.lepartidegauche.fr/index.php?option=com_content&view=article&id=305%3Arencontre-avec-le-poi&catid=57%3Arencontres&Itemid=119 http://www.lepartidegauche.fr/les-elus-du-pg http://www.lepartidegauche.fr/partout-autonome-unitaire https://lepartidegauche.fr https://www.lepartidegauche.fr","true","FINISHED","FINISHED","42","226","246","7712","2185","1649241366700","2022-04-06T10:36:06.700Z","1649320350559","2022-04-07T08:32:30.559Z","archivesinternet.bnf.fr","site","formation politique","","",""
"12","Gauche-Unitaire.fr","IN","http://gauche-unitaire.fr http://www.gauche-unitaire.fr https://gauche-unitaire.fr https://www.gauche-unitaire.fr","s:https|h:fr|h:gauche-unitaire| s:https|h:fr|h:gauche-unitaire|h:www| s:http|h:fr|h:gauche-unitaire| s:http|h:fr|h:gauche-unitaire|h:www|","http://rhone-alpes.gauche-unitaire.fr","http://gauche-unitaire.fr http://www.gauche-unitaire.fr http://www.gauche-unitaire.fr/zoom/ https://gauche-unitaire.fr https://www.gauche-unitaire.fr","true","FINISHED","FINISHED","18","21","38","963","568","1649241366700","2022-04-06T10:36:06.700Z","1649320350611","2022-04-07T08:32:30.611Z","archivesinternet.bnf.fr","site","formation politique","","",""
"13","Lafederation.org","IN","http://lafederation.org http://www.lafederation.org https://lafederation.org https://www.lafederation.org","s:https|h:org|h:lafederation| s:https|h:org|h:lafederation|h:www| s:http|h:org|h:lafederation| s:http|h:org|h:lafederation|h:www|","http://lafederation.org","http://lafederation.org http://lafederation.org/index.php?option=com_content&view=article&id=325%3Ale-capitalisme-toxique&catid=91%3Adebat-urgences-analyses-et-perspectives&Itemid=72 http://www.lafederation.org https://lafederation.org https://www.lafederation.org","true","FINISHED","FINISHED","14","717","722","13184","5017","1649241366700","2022-04-06T10:36:06.700Z","1649320447158","2022-04-07T08:34:07.158Z","archivesinternet.bnf.fr","site","formation politique","","",""
"16","Pcf.fr","IN","http://pcf.fr http://www.pcf.fr https://pcf.fr https://www.pcf.fr","s:https|h:fr|h:pcf| s:https|h:fr|h:pcf|h:www| s:http|h:fr|h:pcf| s:http|h:fr|h:pcf|h:www|","http://www.pcf.fr","http://pcf.fr http://www.pcf.fr http://www.pcf.fr/10958 http://www.pcf.fr/7379 http://www.pcf.fr/8419 http://www.pcf.fr/9790 https://pcf.fr https://www.pcf.fr","true","FINISHED","FINISHED","35","246","271","14404","4713","1649241366701","2022-04-06T10:36:06.701Z","1649320447457","2022-04-07T08:34:07.457Z","archivesinternet.bnf.fr","site","formation politique","","",""
"20","Pcof.net","IN","http://pcof.net http://www.pcof.net https://pcof.net https://www.pcof.net","s:https|h:net|h:pcof| s:https|h:net|h:pcof|h:www| s:http|h:net|h:pcof| s:http|h:net|h:pcof|h:www|","http://www.pcof.net","http://pcof.net http://www.pcof.net https://pcof.net https://www.pcof.net","true","FINISHED","FINISHED","3","1","4","152","78","1649241366701","2022-04-06T10:36:06.701Z","1649320447573","2022-04-07T08:34:07.573Z","archivesinternet.bnf.fr","site","formation politique","","",""
"23","Placeaupeuple2012.fr","IN","http://frontdegauche.eu http://frontdegauche.fr http://placeaupeuple2012.fr http://www.frontdegauche.eu http://www.placeaupeuple2012.fr https://frontdegauche.eu https://frontdegauche.fr https://placeaupeuple2012.fr https://www.placeaupeuple2012.fr","s:https|h:eu|h:frontdegauche| s:https|h:fr|h:frontdegauche| s:https|h:fr|h:placeaupeuple2012| s:https|h:fr|h:placeaupeuple2012|h:www| s:http|h:eu|h:frontdegauche| s:http|h:eu|h:frontdegauche|h:www| s:http|h:fr|h:frontdegauche| s:http|h:fr|h:placeaupeuple2012| s:http|h:fr|h:placeaupeuple2012|h:www|","http://www.placeaupeuple2012.fr","http://feministe.appels.frontdegauche.fr http://frontdegauche.eu http://frontdegauche.fr http://placeaupeuple2012.fr http://www.frontdegauche.eu http://www.frontdegauche.eu http://www.frontdegauche.eu/index.php?option=com_content&view=article&id=618%3Ale-philosophe-michel-onfray-apporte-son-soutien-au-front-de-gauche&catid=98%3Ails-soutiennent-le-front-de-gauche&Itemid=115 http://www.frontdegauche.eu/index.php?option=com_content&view=category&layout=blog&id=39&Itemid=41 http://www.frontdegauche.eu/index.php?option=com_content&view=section&layout=blog&id=15&Itemid=2 http://www.frontdegauche.eu/index.php?option=com_petitions&view=petition&id=84&Itemid=48 http://www.frontdegauche.eu/index.php?view=article&id=483%3A36-economistes-soutiennent-le-front-de-gauche&option=com_content&Itemid=115 http://www.frontdegauche.fr http://www.frontdegauche.fr http://www.placeaupeuple2012.fr http://www.placeaupeuple2012.fr/je-donne/ http://www.placeaupeuple2012.fr/jean-luc-melenchon-les-pme-les-tpe/ http://www.placeaupeuple2012.fr/liste-dappui-a-la-candidature-de-jean-luc/ https://frontdegauche.eu https://frontdegauche.fr https://placeaupeuple2012.fr https://www.frontdegauche.eu https://www.frontdegauche.fr https://www.placeaupeuple2012.fr","true","FINISHED","FINISHED","45","66","103","1240","159","1649241366701","2022-04-06T10:36:06.701Z","1649341298941","2022-04-07T14:21:38.941Z","archivesinternet.bnf.fr","site","campagne","52: Frontdegauche.fr (IN)|5: Frontdegauche.eu (IN)","true",""
"24","Republiqueetsocialisme.fr","IN","http://republiqueetsocialisme.fr http://www.republiqueetsocialisme.fr https://republiqueetsocialisme.fr https://www.republiqueetsocialisme.fr","s:https|h:fr|h:republiqueetsocialisme| s:https|h:fr|h:republiqueetsocialisme|h:www| s:http|h:fr|h:republiqueetsocialisme| s:http|h:fr|h:republiqueetsocialisme|h:www|","http://www.republiqueetsocialisme.fr","http://republiqueetsocialisme.fr http://www.republiqueetsocialisme.fr http://www.republiqueetsocialisme.fr/spip.php?article342 https://republiqueetsocialisme.fr https://www.republiqueetsocialisme.fr","true","FINISHED","FINISHED","2","15","17","1229","102","1649241366701","2022-04-06T10:36:06.701Z","1649320472292","2022-04-07T08:34:32.292Z","archivesinternet.bnf.fr","site","formation politique","","",""
"26","Alternatifs.org","IN","http://alternatifs.org http://www.alternatifs.org https://alternatifs.org https://www.alternatifs.org","s:https|h:org|h:alternatifs| s:https|h:org|h:alternatifs|h:www| s:http|h:org|h:alternatifs| s:http|h:org|h:alternatifs|h:www|","http://www.alternatifs.org","http://alternatifs.org http://www.alternatifs.org http://www.alternatifs.org/spip/alternatifs-et-elections-de-2012 http://www.alternatifs.org/spip/les-alternatifs-et-les-elections http://www.alternatifs.org/spip/position-des-alternatifs-pour-les http://www.alternatifs.org/spip/une-strategie-autogestionnaire https://alternatifs.org https://www.alternatifs.org","true","FINISHED","FINISHED","9","27","36","2013","124","1649241366701","2022-04-06T10:36:06.701Z","1649320472367","2022-04-07T08:34:32.367Z","archivesinternet.bnf.fr","site","formation politique","","",""
"31","Jean-Luc-Melenchon.fr","IN","http://jean-luc-melenchon.com http://jean-luc-melenchon.fr http://www.jean-luc-melenchon.fr https://jean-luc-melenchon.com https://jean-luc-melenchon.fr https://www.jean-luc-melenchon.com https://www.jean-luc-melenchon.fr","s:https|h:com|h:jean-luc-melenchon| s:https|h:com|h:jean-luc-melenchon|h:www| s:https|h:fr|h:jean-luc-melenchon| s:https|h:fr|h:jean-luc-melenchon|h:www| s:http|h:com|h:jean-luc-melenchon| s:http|h:fr|h:jean-luc-melenchon| s:http|h:fr|h:jean-luc-melenchon|h:www|","http://www.jean-luc-melenchon.fr","http://jean-luc-melenchon.com http://jean-luc-melenchon.fr http://www.jean-luc-melenchon.com http://www.jean-luc-melenchon.com http://www.jean-luc-melenchon.com/agissons/ http://www.jean-luc-melenchon.com/arguments/ http://www.jean-luc-melenchon.com/liste-dappui-a-ma-candidature http://www.jean-luc-melenchon.com/liste-dappui-a-ma-candidature/ http://www.jean-luc-melenchon.fr http://www.jean-luc-melenchon.fr/2007/09/23/il-ya-breton-et-breton/ http://www.jean-luc-melenchon.fr/2008/04/07/je-ne-suis-pas-daccord-avec-le-boycott-des-jeux-de-pekin-et-la-propagande-anti-chinoise/ http://www.jean-luc-melenchon.fr/?p=298 http://www.jean-luc-melenchon.fr/?p=585 https://jean-luc-melenchon.com https://jean-luc-melenchon.fr https://www.jean-luc-melenchon.com https://www.jean-luc-melenchon.fr","true","FINISHED","FINISHED","34","1413","1422","30445","2485","1649241366701","2022-04-06T10:36:06.701Z","1649335801222","2022-04-07T12:50:01.222Z","archivesinternet.bnf.fr","site","candidat","136: Jean-Luc-Melenchon.com (IN)","true",""
"34","M-Pep.org","IN","http://m-pep.org http://www.m-pep.org https://m-pep.org https://www.m-pep.org","s:https|h:org|h:m-pep| s:https|h:org|h:m-pep|h:www| s:http|h:org|h:m-pep| s:http|h:org|h:m-pep|h:www|","http://www.m-pep.org","http://m-pep.org http://www.m-pep.org http://www.m-pep.org/spip.php?article1035 http://www.m-pep.org/spip.php?article1123 http://www.m-pep.org/spip.php?article2083 http://www.m-pep.org/spip.php?article2387 http://www.m-pep.org/spip.php?article699 https://m-pep.org https://www.m-pep.org","true","FINISHED","FINISHED","11","54","65","5970","204","1649241366701","2022-04-06T10:36:06.701Z","1649320472602","2022-04-07T08:34:32.602Z","archivesinternet.bnf.fr","site","association","","",""
"38","Pcf-Gresivaudan.blogspot.com","IN","http://pcf-gresivaudan.blogspot.com http://www.pcf-gresivaudan.blogspot.com https://pcf-gresivaudan.blogspot.com https://www.pcf-gresivaudan.blogspot.com","s:https|h:blogspot.com|h:pcf-gresivaudan| s:https|h:blogspot.com|h:pcf-gresivaudan|h:www| s:http|h:blogspot.com|h:pcf-gresivaudan| s:http|h:blogspot.com|h:pcf-gresivaudan|h:www|","http://pcf-gresivaudan.blogspot.com","http://pcf-gresivaudan.blogspot.com http://www.pcf-gresivaudan.blogspot.com https://pcf-gresivaudan.blogspot.com https://www.pcf-gresivaudan.blogspot.com","true","FINISHED","FINISHED","1","0","1","5","0","1649241366701","2022-04-06T10:36:06.701Z","1649320472800","2022-04-07T08:34:32.800Z","archivesinternet.bnf.fr","blog","professionnel de la politique","","",""
"41","Communistesunitaires.net","IN","http://communistesunitaires.net http://www.communistesunitaires.net https://communistesunitaires.net https://www.communistesunitaires.net","s:https|h:net|h:communistesunitaires| s:https|h:net|h:communistesunitaires|h:www| s:http|h:net|h:communistesunitaires| s:http|h:net|h:communistesunitaires|h:www|","http://www.communistesunitaires.net","http://communistesunitaires.net http://www.communistesunitaires.net http://www.communistesunitaires.net/index.php?option=com_content&task=blogcategory&id=88888891&Itemid=88888914 https://communistesunitaires.net https://www.communistesunitaires.net","true","FINISHED","FINISHED","7","55","58","3097","161","1649241366701","2022-04-06T10:36:06.701Z","1649320473958","2022-04-07T08:34:33.958Z","archivesinternet.bnf.fr","site","formation politique","","",""
"43","mcvergiat.Over-Blog.com","IN","http://mcvergiat.over-blog.com http://www.mcvergiat.over-blog.com https://mcvergiat.over-blog.com https://www.mcvergiat.over-blog.com","s:https|h:com|h:over-blog|h:mcvergiat| s:https|h:com|h:over-blog|h:mcvergiat|h:www| s:http|h:com|h:over-blog|h:mcvergiat| s:http|h:com|h:over-blog|h:mcvergiat|h:www|","http://mcvergiat.over-blog.com/top-articles.html","http://mcvergiat.over-blog.com http://mcvergiat.over-blog.com/pages/Mon_Parcours-1304328.html http://www.mcvergiat.over-blog.com https://mcvergiat.over-blog.com https://www.mcvergiat.over-blog.com","true","FINISHED","FINISHED","2","40","42","1069","115","1649241366701","2022-04-06T10:36:06.701Z","1649320474104","2022-04-07T08:34:34.104Z","Live Web + archivesinternet.bnf.fr","blog","militant","","",""
"47","Convergencesetalternative.org","IN","http://convergencesetalternative.org http://www.convergencesetalternative.org https://convergencesetalternative.org https://www.convergencesetalternative.org","s:https|h:org|h:convergencesetalternative| s:https|h:org|h:convergencesetalternative|h:www| s:http|h:org|h:convergencesetalternative| s:http|h:org|h:convergencesetalternative|h:www|","http://www.convergencesetalternative.org","http://convergencesetalternative.org http://www.convergencesetalternative.org https://convergencesetalternative.org https://www.convergencesetalternative.org","true","FINISHED","FINISHED","7","62","66","306","54","1649241366701","2022-04-06T10:36:06.701Z","1649320474378","2022-04-07T08:34:34.378Z","Live Web + archivesinternet.bnf.fr","site","formation politique","","",""
"50","danactu-resistance.Over-Blog.com","IN","http://danactu-resistance.over-blog.com http://www.danactu-resistance.over-blog.com https://danactu-resistance.over-blog.com https://www.danactu-resistance.over-blog.com","s:https|h:com|h:over-blog|h:danactu-resistance| s:https|h:com|h:over-blog|h:danactu-resistance|h:www| s:http|h:com|h:over-blog|h:danactu-resistance| s:http|h:com|h:over-blog|h:danactu-resistance|h:www|","http://danactu-resistance.over-blog.com/rss-articles.xml","http://danactu-resistance.over-blog.com http://danactu-resistance.over-blog.com/article-clementine-autain-et-la-fase-rejoignent-le-front-de-gauche-76871434.html http://www.danactu-resistance.over-blog.com https://danactu-resistance.over-blog.com https://www.danactu-resistance.over-blog.com","true","FINISHED","FINISHED","1","77","78","300","17","1649241366701","2022-04-06T10:36:06.701Z","1649320474747","2022-04-07T08:34:34.747Z","Live Web + archivesinternet.bnf.fr","blog","militant","","",""
"75","Lepartidelagauche.fr","IN","http://lepartidelagauche.fr http://www.lepartidelagauche.fr https://lepartidelagauche.fr https://www.lepartidelagauche.fr","s:https|h:fr|h:lepartidelagauche| s:https|h:fr|h:lepartidelagauche|h:www| s:http|h:fr|h:lepartidelagauche| s:http|h:fr|h:lepartidelagauche|h:www|","http://lepartidelagauche.fr","http://lepartidelagauche.fr http://www.lepartidelagauche.fr https://lepartidelagauche.fr https://www.lepartidelagauche.fr","true","FINISHED","FINISHED","0","0","0","2","2","1649241371538","2022-04-06T10:36:11.538Z","1649320475012","2022-04-07T08:34:35.012Z","Live Web + archivesinternet.bnf.fr","site","formation politique","","",""
"82","Jacquesgenereux.fr","IN","http://jacquesgenereux.fr http://www.jacquesgenereux.fr https://jacquesgenereux.fr https://www.jacquesgenereux.fr","s:https|h:fr|h:jacquesgenereux| s:https|h:fr|h:jacquesgenereux|h:www| s:http|h:fr|h:jacquesgenereux| s:http|h:fr|h:jacquesgenereux|h:www|","http://jacquesgenereux.fr","http://jacquesgenereux.fr http://jacquesgenereux.fr/news/pourquoi-je-quitte-le-ps http://www.jacquesgenereux.fr https://jacquesgenereux.fr https://www.jacquesgenereux.fr","true","FINISHED","FINISHED","11","97","104","1023","88","1649241376234","2022-04-06T10:36:16.234Z","1649328520646","2022-04-07T10:48:40.646Z","archivesinternet.bnf.fr","site","militant","","",""
"92","Guengl.eu","IN","http://guengl.eu http://www.guengl.eu https://guengl.eu https://www.guengl.eu","s:https|h:eu|h:guengl| s:https|h:eu|h:guengl|h:www| s:http|h:eu|h:guengl| s:http|h:eu|h:guengl|h:www|","http://www.guengl.eu/showPage.jsp","http://guengl.eu http://www.guengl.eu http://www.guengl.eu/showPage.jsp http://www.guengl.eu/showPage.jsp?ID=1 http://www.guengl.eu/showPage.php?ID=9850&LANG=2&FORCELANG=1 http://www.guengl.eu/showPage.php?ID=9856&LANG=2&FORCELANG=1 https://guengl.eu https://www.guengl.eu","true","FINISHED","FINISHED","8","6","14","155","122","1649247680281","2022-04-06T12:21:20.281Z","1649328331511","2022-04-07T10:45:31.511Z","archivesinternet.bnf.fr","site","formation politique","","",""
"99","Gabrielamard.fr","IN","http://gabrielamard.fr http://www.gabrielamard.fr https://gabrielamard.fr https://www.gabrielamard.fr","s:https|h:fr|h:gabrielamard| s:https|h:fr|h:gabrielamard|h:www| s:http|h:fr|h:gabrielamard| s:http|h:fr|h:gabrielamard|h:www|","http://www.gabrielamard.fr","http://gabrielamard.fr http://www.gabrielamard.fr http://www.gabrielamard.fr/index.php?option=com_content&view=article&id=51&Itemid=103 http://www.gabrielamard.fr/pdf/commandeLivre.pdf https://gabrielamard.fr https://www.gabrielamard.fr","true","FINISHED","FINISHED","11","43","47","279","45","1649247753622","2022-04-06T12:22:33.622Z","1649320475265","2022-04-07T08:34:35.265Z","Live Web + archivesinternet.bnf.fr","blog","professionnel de la politique","","",""
"102","Olivier-Dartigolles.com","IN","http://olivier-dartigolles.com http://www.olivier-dartigolles.com https://olivier-dartigolles.com https://www.olivier-dartigolles.com","s:https|h:com|h:olivier-dartigolles| s:https|h:com|h:olivier-dartigolles|h:www| s:http|h:com|h:olivier-dartigolles| s:http|h:com|h:olivier-dartigolles|h:www|","http://www.olivier-dartigolles.com","http://olivier-dartigolles.com http://www.olivier-dartigolles.com http://www.olivier-dartigolles.com/?post%2F2011%2F09%2F22%2FTroy-Davis-a-%C3%A9t%C3%A9-%C3%A9x%C3%A9cut%C3%A9. http://www.olivier-dartigolles.com/?post%2F2011%2F09%2F25%2FOn-continue. http://www.olivier-dartigolles.com/?post%2F2011%2F09%2F27%2FDe-l-usine-au-conseil-de-s%C3%A9curit%C3%A9-de-l-Onu. https://olivier-dartigolles.com https://www.olivier-dartigolles.com","true","FINISHED","FINISHED","3","35","37","1777","90","1649247753622","2022-04-06T12:22:33.622Z","1649335186986","2022-04-07T12:39:46.986Z","archivesinternet.bnf.fr","blog","professionnel de la politique","","",""
"104","Twitter.com /LePartideGauche","IN","http://twitter.com/LePartideGauche http://www.twitter.com/LePartideGauche https://twitter.com/LePartideGauche https://www.twitter.com/LePartideGauche","s:https|h:com|h:twitter|h:www|p:LePartideGauche| s:https|h:com|h:twitter|p:LePartideGauche| s:http|h:com|h:twitter|h:www|p:LePartideGauche| s:http|h:com|h:twitter|p:LePartideGauche|","http://twitter.com/LePartideGauche","http://twitter.com/LePartideGauche http://www.twitter.com/LePartideGauche https://twitter.com/LePartideGauche https://www.twitter.com/LePartideGauche","true","FINISHED","FINISHED","2","155","156","76","32","1649247757745","2022-04-06T12:22:37.745Z","1649327910157","2022-04-07T10:38:30.157Z","archivesinternet.bnf.fr","réseau social","formation politique","","",""
"111","Romain-Jammes.fr","IN","http://romain-jammes.fr http://www.romain-jammes.fr https://romain-jammes.fr https://www.romain-jammes.fr","s:https|h:fr|h:romain-jammes| s:https|h:fr|h:romain-jammes|h:www| s:http|h:fr|h:romain-jammes| s:http|h:fr|h:romain-jammes|h:www|","http://www.romain-jammes.fr","http://romain-jammes.fr http://www.romain-jammes.fr http://www.romain-jammes.fr/?p=1301 http://www.romain-jammes.fr/?p=1330 http://www.romain-jammes.fr/?p=1667 https://romain-jammes.fr https://www.romain-jammes.fr","true","FINISHED","FINISHED","5","0","5","6","3","1649247761047","2022-04-06T12:22:41.047Z","1649338881183","2022-04-07T13:41:21.183Z","archivesinternet.bnf.fr","blog","militant","","",""
"156","Eric-Coquerel.fr","IN","http://eric-coquerel.fr http://www.eric-coquerel.fr https://eric-coquerel.fr https://www.eric-coquerel.fr","s:https|h:fr|h:eric-coquerel| s:https|h:fr|h:eric-coquerel|h:www| s:http|h:fr|h:eric-coquerel| s:http|h:fr|h:eric-coquerel|h:www|","http://www.eric-coquerel.fr","http://eric-coquerel.fr http://www.eric-coquerel.fr http://www.eric-coquerel.fr/?p=297 http://www.eric-coquerel.fr/?p=539 http://www.eric-coquerel.fr/?p=714 http://www.eric-coquerel.fr/?p=736 https://eric-coquerel.fr https://www.eric-coquerel.fr","true","FINISHED","FINISHED","8","18","21","75","71","1649247868469","2022-04-06T12:24:28.469Z","1649328116423","2022-04-07T10:41:56.423Z","archivesinternet.bnf.fr","blog","professionnel de la politique","","",""
"166","Penseelibre.fr","IN","http://penseelibre.fr http://www.penseelibre.fr https://penseelibre.fr https://www.penseelibre.fr","s:https|h:fr|h:penseelibre| s:https|h:fr|h:penseelibre|h:www| s:http|h:fr|h:penseelibre| s:http|h:fr|h:penseelibre|h:www|","http://www.penseelibre.fr","http://www.penseelibre.fr","true","FINISHED","FINISHED","13","182","184","1512","76","1649247914906","2022-04-06T12:25:14.906Z","1649328939381","2022-04-07T10:55:39.381Z","archivesinternet.bnf.fr","site","militant","","",""
"170","Francoisdelapierre.fr","IN","http://francoisdelapierre.fr http://www.francoisdelapierre.fr https://francoisdelapierre.fr https://www.francoisdelapierre.fr","s:https|h:fr|h:francoisdelapierre| s:https|h:fr|h:francoisdelapierre|h:www| s:http|h:fr|h:francoisdelapierre| s:http|h:fr|h:francoisdelapierre|h:www|","http://www.francoisdelapierre.fr","http://blog.francoisdelapierre.fr http://francoisdelapierre.fr http://www.francoisdelapierre.fr http://www.francoisdelapierre.fr/me-contacter/ https://francoisdelapierre.fr https://www.francoisdelapierre.fr","true","FINISHED","FINISHED","13","10","21","151","45","1649247914906","2022-04-06T12:25:14.906Z","1649320475400","2022-04-07T08:34:35.400Z","Live Web + archivesinternet.bnf.fr","blog","professionnel de la politique","","",""
"173","fatimabenomar.Wordpress.com","IN","http://fatimabenomar.wordpress.com http://www.fatimabenomar.wordpress.com https://fatimabenomar.wordpress.com https://www.fatimabenomar.wordpress.com","s:https|h:com|h:wordpress|h:fatimabenomar| s:https|h:com|h:wordpress|h:fatimabenomar|h:www| s:http|h:com|h:wordpress|h:fatimabenomar| s:http|h:com|h:wordpress|h:fatimabenomar|h:www|","http://fatimabenomar.wordpress.com","http://fatimabenomar.wordpress.com http://www.fatimabenomar.wordpress.com https://fatimabenomar.wordpress.com https://www.fatimabenomar.wordpress.com","true","FINISHED","FINISHED","5","81","82","435","28","1649247914906","2022-04-06T12:25:14.906Z","1649327776307","2022-04-07T10:36:16.307Z","archivesinternet.bnf.fr","blog","professionnel de la politique","","",""
"196","Blogfinel.com","IN","http://blogfinel.com http://www.blogfinel.com https://blogfinel.com https://www.blogfinel.com","s:https|h:com|h:blogfinel| s:https|h:com|h:blogfinel|h:www| s:http|h:com|h:blogfinel| s:http|h:com|h:blogfinel|h:www|","http://www.blogfinel.com","http://blogfinel.com http://www.blogfinel.com https://blogfinel.com https://www.blogfinel.com","true","FINISHED","FINISHED","6","10","14","1614","176","1649248024854","2022-04-06T12:27:04.854Z","1649328072399","2022-04-07T10:41:12.399Z","archivesinternet.bnf.fr","blog","professionnel de la politique","","",""
"197","Alexis-Corbiere.com","IN","http://alexis-corbiere.com http://alexis-corbiere.fr http://alexiscorbiere.fr http://www.alexis-corbiere.com https://alexis-corbiere.com https://alexis-corbiere.fr https://alexiscorbiere.fr https://www.alexis-corbiere.com https://www.alexis-corbiere.fr https://www.alexiscorbiere.fr","s:https|h:com|h:alexis-corbiere| s:https|h:com|h:alexis-corbiere|h:www| s:https|h:fr|h:alexis-corbiere| s:https|h:fr|h:alexis-corbiere|h:www| s:https|h:fr|h:alexiscorbiere| s:https|h:fr|h:alexiscorbiere|h:www| s:http|h:com|h:alexis-corbiere| s:http|h:com|h:alexis-corbiere|h:www| s:http|h:fr|h:alexis-corbiere| s:http|h:fr|h:alexiscorbiere|","http://alexis-corbiere.com","http://alexiscorbiere.fr http://www.alexis-corbiere.fr http://www.alexiscorbiere.fr http://www.alexiscorbiere.fr https://alexiscorbiere.fr https://www.alexiscorbiere.fr","true","FINISHED","FINISHED","18","148","153","1613","139","1649248024854","2022-04-06T12:27:04.854Z","1649335509946","2022-04-07T12:45:09.946Z","archivesinternet.bnf.fr","blog","professionnel de la politique","154: Alexis-Corbiere.fr (IN)|916: Alexiscorbiere.fr (IN)","true",""
"198","Martine-Billard.fr","IN","http://martine-billard.fr http://martinebillard-blog.org http://www.martine-billard.fr https://martine-billard.fr https://martinebillard-blog.org https://www.martine-billard.fr https://www.martinebillard-blog.org","s:https|h:fr|h:martine-billard| s:https|h:fr|h:martine-billard|h:www| s:https|h:org|h:martinebillard-blog| s:https|h:org|h:martinebillard-blog|h:www| s:http|h:fr|h:martine-billard| s:http|h:fr|h:martine-billard|h:www| s:http|h:org|h:martinebillard-blog|","http://www.martine-billard.fr","http://martine-billard.fr http://martinebillard-blog.org http://www.martine-billard.fr http://www.martine-billard.fr/?mid=5756 http://www.martinebillard-blog.org http://www.martinebillard-blog.org http://www.martinebillard-blog.org/index.php?2009%2F07%2F08%2F346-pourquoi-je-demissionne-des-verts https://martine-billard.fr https://martinebillard-blog.org https://www.martine-billard.fr https://www.martinebillard-blog.org","true","FINISHED","FINISHED","15","94","105","1101","97","1649248024854","2022-04-06T12:27:04.854Z","1649335898863","2022-04-07T12:51:38.863Z","Live Web + archivesinternet.bnf.fr","blog","professionnel de la politique","85: Martinebillard-Blog.org (IN)","true",""
"199","Raquel-Garrido.net","IN","http://raquel-garrido.net http://www.raquel-garrido.net https://raquel-garrido.net https://www.raquel-garrido.net","s:https|h:net|h:raquel-garrido| s:https|h:net|h:raquel-garrido|h:www| s:http|h:net|h:raquel-garrido| s:http|h:net|h:raquel-garrido|h:www|","http://www.raquel-garrido.net","http://raquel-garrido.net http://www.raquel-garrido.net https://raquel-garrido.net https://www.raquel-garrido.net","true","FINISHED","FINISHED","3","37","39","116","18","1649248024854","2022-04-06T12:27:04.854Z","1649335199190","2022-04-07T12:39:59.190Z","archivesinternet.bnf.fr","site","professionnel de la politique","","",""
"221","Despasperdus.com","IN","http://despasperdus.com http://www.despasperdus.com https://despasperdus.com https://www.despasperdus.com","s:https|h:com|h:despasperdus| s:https|h:com|h:despasperdus|h:www| s:http|h:com|h:despasperdus| s:http|h:com|h:despasperdus|h:www|","http://www.despasperdus.com","http://despasperdus.com http://www.despasperdus.com http://www.despasperdus.com/index.php?post%2F2009%2F12%2F10%2Fle-monde-des-bisounours-du-MoDem http://www.despasperdus.com/index.php?post%2F2010%2F01%2F20%2Fle-social-lib%C3%A9ralisme-bat-%28d%C3%A9j%C3%A0%29-en-retraite http://www.despasperdus.com/index.php?post%2F2010%2F03%2F01%2FConcert-collectif-coop%C3%A9ratif-pour-La-Coop%C3%A9rative http://www.despasperdus.com/index.php?post%2F2010%2F10%2F13%2Fquand-l-autre-gauche-est-au-pouvoir... https://despasperdus.com https://www.despasperdus.com","true","FINISHED","FINISHED","12","170","176","1053","87","1649248121117","2022-04-06T12:28:41.117Z","1649328098196","2022-04-07T10:41:38.196Z","archivesinternet.bnf.fr","site","militant","","",""
"252","Dynamique-Frontdegauche.fr","IN","http://dynamique-frontdegauche.fr http://www.dynamique-frontdegauche.fr https://dynamique-frontdegauche.fr https://www.dynamique-frontdegauche.fr","s:https|h:fr|h:dynamique-frontdegauche| s:https|h:fr|h:dynamique-frontdegauche|h:www| s:http|h:fr|h:dynamique-frontdegauche| s:http|h:fr|h:dynamique-frontdegauche|h:www|","http://reseau.dynamique-frontdegauche.fr","http://dynamique-frontdegauche.fr http://reseau.dynamique-frontdegauche.fr http://www.dynamique-frontdegauche.fr https://dynamique-frontdegauche.fr https://www.dynamique-frontdegauche.fr","true","FINISHED","FINISHED","4","64","67","1733","67","1649248298594","2022-04-06T12:31:38.594Z","1649328133770","2022-04-07T10:42:13.770Z","archivesinternet.bnf.fr","site","militant","","",""
"291","andrechassaigne.Over-Blog.com","IN","http://andrechassaigne.over-blog.com http://www.andrechassaigne.over-blog.com https://andrechassaigne.over-blog.com https://www.andrechassaigne.over-blog.com","s:https|h:com|h:over-blog|h:andrechassaigne| s:https|h:com|h:over-blog|h:andrechassaigne|h:www| s:http|h:com|h:over-blog|h:andrechassaigne| s:http|h:com|h:over-blog|h:andrechassaigne|h:www|","http://andrechassaigne.over-blog.com","http://andrechassaigne.over-blog.com http://andrechassaigne.over-blog.com/article-lettre-ouverte-aux-communistes-64518407.html http://www.andrechassaigne.over-blog.com https://andrechassaigne.over-blog.com https://www.andrechassaigne.over-blog.com","true","FINISHED","FINISHED","3","25","28","214","30","1649248431799","2022-04-06T12:33:51.799Z","1649328106429","2022-04-07T10:41:46.429Z","archivesinternet.bnf.fr","blog","professionnel de la politique","","",""
"339","Lutopick.fr","IN","http://lutopick.fr http://www.lutopick.fr https://lutopick.fr https://www.lutopick.fr","s:https|h:fr|h:lutopick| s:https|h:fr|h:lutopick|h:www| s:http|h:fr|h:lutopick| s:http|h:fr|h:lutopick|h:www|","http://www.lutopick.fr/blog","http://lutopick.fr http://www.lutopick.fr http://www.lutopick.fr/blog/ https://lutopick.fr https://www.lutopick.fr","true","FINISHED","FINISHED","4","133","133","797","39","1649248526189","2022-04-06T12:35:26.189Z","1649335456225","2022-04-07T12:44:16.225Z","archivesinternet.bnf.fr","blog","militant","","",""
"676","longerinas.Typepad.fr","IN","http://longerinas.typepad.fr http://www.longerinas.typepad.fr https://longerinas.typepad.fr https://www.longerinas.typepad.fr","s:https|h:fr|h:typepad|h:longerinas| s:https|h:fr|h:typepad|h:longerinas|h:www| s:http|h:fr|h:typepad|h:longerinas| s:http|h:fr|h:typepad|h:longerinas|h:www|","http://longerinas.typepad.fr/about.html","http://longerinas.typepad.fr http://longerinas.typepad.fr/weblog/ http://www.longerinas.typepad.fr https://longerinas.typepad.fr https://www.longerinas.typepad.fr","true","FINISHED","FINISHED","5","229","230","2821","876","1649249598739","2022-04-06T12:53:18.739Z","1649320475907","2022-04-07T08:34:35.907Z","Live Web + archivesinternet.bnf.fr","blog","militant","","",""
"713","lecridupeuple.Wordpress.com","IN","http://lecridupeuple.wordpress.com http://www.lecridupeuple.wordpress.com https://lecridupeuple.wordpress.com https://www.lecridupeuple.wordpress.com","s:https|h:com|h:wordpress|h:lecridupeuple| s:https|h:com|h:wordpress|h:lecridupeuple|h:www| s:http|h:com|h:wordpress|h:lecridupeuple| s:http|h:com|h:wordpress|h:lecridupeuple|h:www|","http://lecridupeuple.wordpress.com","http://lecridupeuple.wordpress.com http://www.lecridupeuple.wordpress.com https://lecridupeuple.wordpress.com https://www.lecridupeuple.wordpress.com","true","FINISHED","FINISHED","10","1","11","25","2","1649249801926","2022-04-06T12:56:41.926Z","1649328059074","2022-04-07T10:40:59.074Z","archivesinternet.bnf.fr","blog","militant","","",""
"729","Marc-Dolez.net","IN","http://marc-dolez.net http://www.marc-dolez.net https://marc-dolez.net https://www.marc-dolez.net","s:https|h:net|h:marc-dolez| s:https|h:net|h:marc-dolez|h:www| s:http|h:net|h:marc-dolez| s:http|h:net|h:marc-dolez|h:www|","http://www.marc-dolez.net","http://marc-dolez.net http://www.marc-dolez.net http://www.marc-dolez.net/article-le-mouvement-social-appelle-une-perspective-politique-59124775.html http://www.marc-dolez.net/article-non-a-une-nouvelle-fuite-en-avant-liberale-73047120.html http://www.marc-dolez.net/article-pour-une-veritable-politique-du-handicap-67495926.html https://marc-dolez.net https://www.marc-dolez.net","true","FINISHED","FINISHED","4","7","11","54","42","1649250075874","2022-04-06T13:01:15.874Z","1649341334787","2022-04-07T14:22:14.787Z","archivesinternet.bnf.fr","blog","professionnel de la politique","","",""
"751","Jackyhenin.fr","IN","http://jackyhenin.fr http://www.jackyhenin.fr https://jackyhenin.fr https://www.jackyhenin.fr","s:https|h:fr|h:jackyhenin| s:https|h:fr|h:jackyhenin|h:www| s:http|h:fr|h:jackyhenin| s:http|h:fr|h:jackyhenin|h:www|","http://jackyhenin.fr","http://jackyhenin.fr http://www.jackyhenin.fr https://jackyhenin.fr https://www.jackyhenin.fr","true","FINISHED","FINISHED","4","3","7","167","14","1649250208555","2022-04-06T13:03:28.555Z","1649335156316","2022-04-07T12:39:16.316Z","archivesinternet.bnf.fr","site","professionnel de la politique","","",""
"777","Clementineautain.fr","IN","http://clementineautain.fr http://www.clementineautain.fr https://clementineautain.fr https://www.clementineautain.fr","s:https|h:fr|h:clementineautain| s:https|h:fr|h:clementineautain|h:www| s:http|h:fr|h:clementineautain| s:http|h:fr|h:clementineautain|h:www|","http://clementineautain.fr","http://clementineautain.fr http://www.clementineautain.fr https://clementineautain.fr https://www.clementineautain.fr","true","FINISHED","FINISHED","14","170","179","902","110","1649250241233","2022-04-06T13:04:01.233Z","1649339019234","2022-04-07T13:43:39.234Z","archivesinternet.bnf.fr","blog","professionnel de la politique","","",""
"883","Yetiblog.org","IN","http://www.yetiblog.org http://yetiblog.org https://www.yetiblog.org https://yetiblog.org","s:https|h:org|h:yetiblog| s:https|h:org|h:yetiblog|h:www| s:http|h:org|h:yetiblog| s:http|h:org|h:yetiblog|h:www|","http://yetiblog.org","http://www.yetiblog.org http://yetiblog.org http://yetiblog.org/index.php http://yetiblog.org/index.php?post%2Fterroristes-nes-quelque-part http://yetiblog.org/index.php?post%2Fue-facteur-de-crise https://www.yetiblog.org https://yetiblog.org","true","FINISHED","FINISHED","5","159","160","1035","72","1649250562704","2022-04-06T13:09:22.704Z","1649336976284","2022-04-07T13:09:36.284Z","archivesinternet.bnf.fr","blog","militant","","",""
"885","Lariposte.com","IN","http://lariposte.com http://www.lariposte.com https://lariposte.com https://www.lariposte.com","s:https|h:com|h:lariposte| s:https|h:com|h:lariposte|h:www| s:http|h:com|h:lariposte| s:http|h:com|h:lariposte|h:www|","http://www.lariposte.com","http://lariposte.com http://www.lariposte.com http://www.lariposte.com/critique-du-programme-populaire-et%2C1673.html http://www.lariposte.com/la-tva-antisociale%2C1757.html http://www.lariposte.com/les-elections-legislatives-et-le%2C1799.html http://www.lariposte.com/lyon-solidarite-avec-les-eboueurs%2C1760.html https://lariposte.com https://www.lariposte.com","true","FINISHED","FINISHED","5","51","56","3093","301","1649250562704","2022-04-06T13:09:22.704Z","1649332895724","2022-04-07T12:01:35.724Z","archivesinternet.bnf.fr","site","association","","",""
"924","European-Left.org","IN","http://european-left.org http://www.european-left.org https://european-left.org https://www.european-left.org","s:https|h:org|h:european-left| s:https|h:org|h:european-left|h:www| s:http|h:org|h:european-left| s:http|h:org|h:european-left|h:www|","http://fr.european-left.org","http://european-left.org http://fr.european-left.org http://www.european-left.org https://european-left.org https://www.european-left.org","true","FINISHED","FINISHED","7","10","17","154","70","1649250793608","2022-04-06T13:13:13.608Z","1649328310621","2022-04-07T10:45:10.621Z","archivesinternet.bnf.fr","site","formation politique","","",""
"957","Lhumaindabord2012.fr","IN","http://lhumaindabord2012.fr http://www.lhumaindabord2012.fr https://lhumaindabord2012.fr https://www.lhumaindabord2012.fr","s:https|h:fr|h:lhumaindabord2012| s:https|h:fr|h:lhumaindabord2012|h:www| s:http|h:fr|h:lhumaindabord2012| s:http|h:fr|h:lhumaindabord2012|h:www|","http://www.lhumaindabord2012.fr","http://lhumaindabord2012.fr http://www.lhumaindabord2012.fr http://www.lhumaindabord2012.fr/index.php?option=com_content&view=article&id=69%3Aedito http://www.lhumaindabord2012.fr/index.php?option=com_content&view=article&id=76%3A12janvier http://www.lhumaindabord2012.fr/index.php?option=com_content&view=category&layout=blog&id=34&Itemid=2 https://lhumaindabord2012.fr https://www.lhumaindabord2012.fr","true","FINISHED","FINISHED","5","9","11","128","28","1649250956769","2022-04-06T13:15:56.769Z","1649328834357","2022-04-07T10:53:54.357Z","archivesinternet.bnf.fr","site","formation politique","","",""
"982","Lagaucheparlexemple.fr","IN","http://lagaucheparlexemple.fr http://www.lagaucheparlexemple.fr https://lagaucheparlexemple.fr https://www.lagaucheparlexemple.fr","s:https|h:fr|h:lagaucheparlexemple| s:https|h:fr|h:lagaucheparlexemple|h:www| s:http|h:fr|h:lagaucheparlexemple| s:http|h:fr|h:lagaucheparlexemple|h:www|","http://www.lagaucheparlexemple.fr","http://lagaucheparlexemple.fr http://lagaucheparlexemple.fr/index.php?option=com_content&view=article&id=90&Itemid=137 http://www.lagaucheparlexemple.fr https://lagaucheparlexemple.fr https://www.lagaucheparlexemple.fr","true","FINISHED","FINISHED","6","17","22","327","99","1649251011108","2022-04-06T13:16:51.108Z","1649328796887","2022-04-07T10:53:16.887Z","archivesinternet.bnf.fr","blog","professionnel de la politique","","",""
"1074","Lepartidegauche45.com","IN","http://lepartidegauche45.com http://www.lepartidegauche45.com https://lepartidegauche45.com https://www.lepartidegauche45.com","s:https|h:com|h:lepartidegauche45| s:https|h:com|h:lepartidegauche45|h:www| s:http|h:com|h:lepartidegauche45| s:http|h:com|h:lepartidegauche45|h:www|","http://www.lepartidegauche45.com","http://lepartidegauche45.com http://www.lepartidegauche45.com http://www.lepartidegauche45.com/article-28875789.html https://lepartidegauche45.com https://www.lepartidegauche45.com","true","FINISHED","FINISHED","4","34","37","491","68","1649251310843","2022-04-06T13:21:50.843Z","1649328543874","2022-04-07T10:49:03.874Z","archivesinternet.bnf.fr","site","formation politique","","",""
"1091","Frontdegauche-Alters.fr","IN","http://frontdegauche-alters.fr http://www.frontdegauche-alters.fr https://frontdegauche-alters.fr https://www.frontdegauche-alters.fr","s:https|h:fr|h:frontdegauche-alters| s:https|h:fr|h:frontdegauche-alters|h:www| s:http|h:fr|h:frontdegauche-alters| s:http|h:fr|h:frontdegauche-alters|h:www|","http://www.frontdegauche-alters.fr","http://frontdegauche-alters.fr http://www.frontdegauche-alters.fr https://frontdegauche-alters.fr https://www.frontdegauche-alters.fr","true","FINISHED","FINISHED","6","25","28","1099","97","1649251442375","2022-04-06T13:24:02.375Z","1649328142175","2022-04-07T10:42:22.175Z","archivesinternet.bnf.fr","blog","formation politique","","",""
"1092","Pascale-Le-Neouannic.fr","IN","http://pascale-le-neouannic.fr http://pascale-leneouannic.fr http://www.pascale-le-neouannic.fr http://www.pascale-leneouannic.fr https://pascale-le-neouannic.fr https://pascale-leneouannic.fr https://www.pascale-le-neouannic.fr","s:https|h:fr|h:pascale-le-neouannic| s:https|h:fr|h:pascale-le-neouannic|h:www| s:https|h:fr|h:pascale-leneouannic| s:http|h:fr|h:pascale-le-neouannic| s:http|h:fr|h:pascale-le-neouannic|h:www| s:http|h:fr|h:pascale-leneouannic| s:http|h:fr|h:pascale-leneouannic|h:www|","http://www.pascale-le-neouannic.fr","http://pascale-le-neouannic.fr http://pascale-leneouannic.fr http://www.pascale-le-neouannic.fr http://www.pascale-le-neouannic.fr/contactez-moi/ http://www.pascale-le-neouannic.fr/feed/ http://www.pascale-le-neouannic.fr/le-programme-%C2%ABlhumain-dabord%C2%BB/ http://www.pascale-le-neouannic.fr/les-candidats/ http://www.pascale-le-neouannic.fr/presentation/ http://www.pascale-leneouannic.fr http://www.pascale-leneouannic.fr https://pascale-le-neouannic.fr https://pascale-leneouannic.fr https://www.pascale-le-neouannic.fr https://www.pascale-leneouannic.fr","true","FINISHED","FINISHED","11","33","36","105","26","1649251442375","2022-04-06T13:24:02.375Z","1649341174205","2022-04-07T14:19:34.205Z","archivesinternet.bnf.fr","blog","professionnel de la politique","2311: Pascale-Leneouannic.fr (IN)","true",""
"1093","Gauchemip.org","IN","http://gauchemip.org http://www.gauchemip.org https://gauchemip.org https://www.gauchemip.org","s:https|h:org|h:gauchemip| s:https|h:org|h:gauchemip|h:www| s:http|h:org|h:gauchemip| s:http|h:org|h:gauchemip|h:www|","http://www.gauchemip.org","http://gauchemip.org http://gauchemip.org/spip.php?article15815 http://www.gauchemip.org http://www.gauchemip.org/spip.php?article12663 http://www.gauchemip.org/spip.php?article13022 http://www.gauchemip.org/spip.php?article15220 http://www.gauchemip.org/spip.php?article2234","true","FINISHED","FINISHED","5","466","468","43528","795","1649251442375","2022-04-06T13:24:02.375Z","1649329039631","2022-04-07T10:57:19.631Z","archivesinternet.bnf.fr","site","formation politique","","",""
"1306","57Lepartidegauche.fr","IN","http://57lepartidegauche.fr http://www.57lepartidegauche.fr https://57lepartidegauche.fr https://www.57lepartidegauche.fr","s:https|h:fr|h:57lepartidegauche| s:https|h:fr|h:57lepartidegauche|h:www| s:http|h:fr|h:57lepartidegauche| s:http|h:fr|h:57lepartidegauche|h:www|","http://www.57lepartidegauche.fr","http://57lepartidegauche.fr http://www.57lepartidegauche.fr https://57lepartidegauche.fr https://www.57lepartidegauche.fr","true","FINISHED","FINISHED","2","0","2","1","0","1649253720079","2022-04-06T14:02:00.079Z","1649335026752","2022-04-07T12:37:06.752Z","archivesinternet.bnf.fr","site","formation politique","","",""
"1340","Christophe-Miqueu.fr","IN","http://christophe-miqueu.fr http://www.christophe-miqueu.fr https://christophe-miqueu.fr https://www.christophe-miqueu.fr","s:https|h:fr|h:christophe-miqueu| s:https|h:fr|h:christophe-miqueu|h:www| s:http|h:fr|h:christophe-miqueu| s:http|h:fr|h:christophe-miqueu|h:www|","http://www.christophe-miqueu.fr","http://christophe-miqueu.fr http://www.christophe-miqueu.fr https://christophe-miqueu.fr https://www.christophe-miqueu.fr","true","FINISHED","FINISHED","3","53","53","467","87","1649253877669","2022-04-06T14:04:37.669Z","1649335105671","2022-04-07T12:38:25.671Z","archivesinternet.bnf.fr","blog","professionnel de la politique","","",""
"1347","Daniellesimonnet.fr","IN","http://daniellesimonnet.fr http://www.daniellesimonnet.fr https://daniellesimonnet.fr https://www.daniellesimonnet.fr","s:https|h:fr|h:daniellesimonnet| s:https|h:fr|h:daniellesimonnet|h:www| s:http|h:fr|h:daniellesimonnet| s:http|h:fr|h:daniellesimonnet|h:www|","http://www.daniellesimonnet.fr","http://daniellesimonnet.fr http://www.daniellesimonnet.fr https://daniellesimonnet.fr https://www.daniellesimonnet.fr","true","FINISHED","FINISHED","9","30","34","714","86","1649253915444","2022-04-06T14:05:15.444Z","1649341123322","2022-04-07T14:18:43.322Z","archivesinternet.bnf.fr","blog","professionnel de la politique","","",""
"1388","legavroche.Wordpress.com","IN","http://legavroche.wordpress.com http://www.legavroche.wordpress.com https://legavroche.wordpress.com https://www.legavroche.wordpress.com","s:https|h:com|h:wordpress|h:legavroche| s:https|h:com|h:wordpress|h:legavroche|h:www| s:http|h:com|h:wordpress|h:legavroche| s:http|h:com|h:wordpress|h:legavroche|h:www|","http://legavroche.wordpress.com","http://legavroche.wordpress.com http://www.legavroche.wordpress.com https://legavroche.wordpress.com https://www.legavroche.wordpress.com","true","FINISHED","FINISHED","4","37","39","295","39","1649254107227","2022-04-06T14:08:27.227Z","1649337017145","2022-04-07T13:10:17.145Z","archivesinternet.bnf.fr","blog","formation politique","","",""
"1412","Patricklehyaric.net","IN","http://patricklehyaric.files.wordpress.com http://patricklehyaric.net http://patricklehyaricpe.wordpress.com http://www.patricklehyaric.files.wordpress.com http://www.patricklehyaric.net http://www.patricklehyaricpe.wordpress.com https://patricklehyaric.files.wordpress.com https://patricklehyaric.net https://patricklehyaricpe.wordpress.com https://www.patricklehyaric.files.wordpress.com https://www.patricklehyaric.net https://www.patricklehyaricpe.wordpress.com","s:https|h:com|h:wordpress|h:files|h:patricklehyaric| s:https|h:com|h:wordpress|h:files|h:patricklehyaric|h:www| s:https|h:com|h:wordpress|h:patricklehyaricpe| s:https|h:com|h:wordpress|h:patricklehyaricpe|h:www| s:https|h:net|h:patricklehyaric| s:https|h:net|h:patricklehyaric|h:www| s:http|h:com|h:wordpress|h:files|h:patricklehyaric| s:http|h:com|h:wordpress|h:files|h:patricklehyaric|h:www| s:http|h:com|h:wordpress|h:patricklehyaricpe| s:http|h:com|h:wordpress|h:patricklehyaricpe|h:www| s:http|h:net|h:patricklehyaric| s:http|h:net|h:patricklehyaric|h:www|","http://patricklehyaric.net","http://patricklehyaric.files.wordpress.com http://patricklehyaric.net http://patricklehyaricpe.wordpress.com http://patricklehyaricpe.wordpress.com http://www.patricklehyaric.files.wordpress.com http://www.patricklehyaric.net http://www.patricklehyaricpe.wordpress.com https://patricklehyaric.files.wordpress.com https://patricklehyaric.net https://patricklehyaricpe.wordpress.com https://www.patricklehyaric.files.wordpress.com https://www.patricklehyaric.net https://www.patricklehyaricpe.wordpress.com","true","FINISHED","FINISHED","12","61","70","1941","236","1649254164366","2022-04-06T14:09:24.366Z","1649341200457","2022-04-07T14:20:00.457Z","archivesinternet.bnf.fr","blog","professionnel de la politique","2692: patricklehyaric.files.Wordpress.com (IN)|749: patricklehyaricpe.Wordpress.com (IN)","true",""
"1587","Jeunes-Communistes.org","IN","http://jeunes-communistes.org http://www.jeunes-communistes.org https://jeunes-communistes.org https://www.jeunes-communistes.org","s:https|h:org|h:jeunes-communistes| s:https|h:org|h:jeunes-communistes|h:www| s:http|h:org|h:jeunes-communistes| s:http|h:org|h:jeunes-communistes|h:www|","http://www.jeunes-communistes.org","http://jeunes-communistes.org http://www.jeunes-communistes.org http://www.jeunes-communistes.org/-Avant-Garde- http://www.jeunes-communistes.org/Condamnation-scandaleuse-de-nos http://www.jeunes-communistes.org/Face-aux-propos-discriminatoires https://jeunes-communistes.org https://www.jeunes-communistes.org","true","FINISHED","FINISHED","6","7","13","265","52","1649255650366","2022-04-06T14:34:10.366Z","1649332905522","2022-04-07T12:01:45.522Z","archivesinternet.bnf.fr","site","formation politique","","",""
"1602","Groupe-Crc.org","IN","http://groupe-crc.org http://www.groupe-crc.org https://groupe-crc.org https://www.groupe-crc.org","s:https|h:org|h:groupe-crc| s:https|h:org|h:groupe-crc|h:www| s:http|h:org|h:groupe-crc| s:http|h:org|h:groupe-crc|h:www|","http://www.groupe-crc.org","http://groupe-crc.org http://www.groupe-crc.org http://www.groupe-crc.org/Subvention-2011-de-la.html http://www.groupe-crc.org/Suppression-de-postes-dans-l.html http://www.groupe-crc.org/arret-de-la-commercialisation-du.html http://www.groupe-crc.org/avenir-des-Rased.html https://groupe-crc.org https://www.groupe-crc.org","true","FINISHED","FINISHED","5","6","10","4839","303","1649255725811","2022-04-06T14:35:25.811Z","1649328490466","2022-04-07T10:48:10.466Z","archivesinternet.bnf.fr","site","formation politique","","",""
"1607","Frontdegauche-Pcfguac-Idf.org","IN","http://frontdegauche-pcfguac-idf.org http://www.frontdegauche-pcfguac-idf.org https://frontdegauche-pcfguac-idf.org https://www.frontdegauche-pcfguac-idf.org","s:https|h:org|h:frontdegauche-pcfguac-idf| s:https|h:org|h:frontdegauche-pcfguac-idf|h:www| s:http|h:org|h:frontdegauche-pcfguac-idf| s:http|h:org|h:frontdegauche-pcfguac-idf|h:www|","http://www.frontdegauche-pcfguac-idf.org","http://frontdegauche-pcfguac-idf.org http://www.frontdegauche-pcfguac-idf.org http://www.frontdegauche-pcfguac-idf.org/?p=1866 http://www.frontdegauche-pcfguac-idf.org/?page_id=2 https://frontdegauche-pcfguac-idf.org https://www.frontdegauche-pcfguac-idf.org","true","FINISHED","FINISHED","4","15","17","267","164","1649255754698","2022-04-06T14:35:54.698Z","1649328318239","2022-04-07T10:45:18.239Z","archivesinternet.bnf.fr","site","formation politique","","",""
"1665","Audit-Citoyen.org","IN","http://audit-citoyen.org http://www.audit-citoyen.org https://audit-citoyen.org https://www.audit-citoyen.org","s:https|h:org|h:audit-citoyen| s:https|h:org|h:audit-citoyen|h:www| s:http|h:org|h:audit-citoyen| s:http|h:org|h:audit-citoyen|h:www|","http://www.audit-citoyen.org","http://audit-citoyen.org http://www.audit-citoyen.org http://www.audit-citoyen.org/?p=2697 http://www.audit-citoyen.org/?p=957. https://audit-citoyen.org https://www.audit-citoyen.org","true","FINISHED","FINISHED","9","70","77","146","71","1649256540134","2022-04-06T14:49:00.134Z","1649327916981","2022-04-07T10:38:36.981Z","archivesinternet.bnf.fr","blog","professionnel de la politique","","",""
"1801","Pcf-Pg-Paris.org","IN","http://pcf-pg-paris.org http://www.pcf-pg-paris.org https://pcf-pg-paris.org https://www.pcf-pg-paris.org","s:https|h:org|h:pcf-pg-paris| s:https|h:org|h:pcf-pg-paris|h:www| s:http|h:org|h:pcf-pg-paris| s:http|h:org|h:pcf-pg-paris|h:www|","http://www.pcf-pg-paris.org","http://pcf-pg-paris.org http://www.pcf-pg-paris.org http://www.pcf-pg-paris.org/spip.php?article236 http://www.pcf-pg-paris.org/spip.php?article243 http://www.pcf-pg-paris.org/spip.php?article484 https://pcf-pg-paris.org https://www.pcf-pg-paris.org","true","FINISHED","FINISHED","4","19","20","342","325","1649315915724","2022-04-07T07:18:35.724Z","1649341232777","2022-04-07T14:20:32.777Z","archivesinternet.bnf.fr","site","formation politique","","",""
"1861","Cerisesenligne.fr","IN","http://cerisesenligne.fr http://www.cerisesenligne.fr https://cerisesenligne.fr https://www.cerisesenligne.fr","s:https|h:fr|h:cerisesenligne| s:https|h:fr|h:cerisesenligne|h:www| s:http|h:fr|h:cerisesenligne| s:http|h:fr|h:cerisesenligne|h:www|","http://www.cerisesenligne.fr","http://cerisesenligne.fr http://www.cerisesenligne.fr http://www.cerisesenligne.fr/archive/ https://cerisesenligne.fr https://www.cerisesenligne.fr","true","FINISHED","FINISHED","3","103","104","2221","229","1649315917304","2022-04-07T07:18:37.304Z","1649335072459","2022-04-07T12:37:52.459Z","archivesinternet.bnf.fr","site","militant","","",""
"2000","cassetoi-vlp.Over-Blog.com","IN","http://cassetoi-vlp.over-blog.com http://www.cassetoi-vlp.over-blog.com https://cassetoi-vlp.over-blog.com https://www.cassetoi-vlp.over-blog.com","s:https|h:com|h:over-blog|h:cassetoi-vlp| s:https|h:com|h:over-blog|h:cassetoi-vlp|h:www| s:http|h:com|h:over-blog|h:cassetoi-vlp| s:http|h:com|h:over-blog|h:cassetoi-vlp|h:www|","http://cassetoi-vlp.over-blog.com","http://cassetoi-vlp.over-blog.com http://cassetoi-vlp.over-blog.com/article-rafales-dans-la-treve-strasbourg-102118856.html http://www.cassetoi-vlp.over-blog.com https://cassetoi-vlp.over-blog.com https://www.cassetoi-vlp.over-blog.com","true","FINISHED","FINISHED","4","59","60","160","27","1649315920648","2022-04-07T07:18:40.648Z","1649335270621","2022-04-07T12:41:10.621Z","archivesinternet.bnf.fr","site","militant","","",""
"2005","Pierrelaurent.org","IN","http://pierrelaurent.org http://www.pierrelaurent.org https://pierrelaurent.org https://www.pierrelaurent.org","s:https|h:org|h:pierrelaurent| s:https|h:org|h:pierrelaurent|h:www| s:http|h:org|h:pierrelaurent| s:http|h:org|h:pierrelaurent|h:www|","http://www.pierrelaurent.org","http://pierrelaurent.org http://www.pierrelaurent.org http://www.pierrelaurent.org/?q=article%2Fle-mouvement-espagnol-est-un-formidable-espoir https://pierrelaurent.org https://www.pierrelaurent.org","true","FINISHED","FINISHED","10","437","446","3080","91","1649315920648","2022-04-07T07:18:40.648Z","1649341246266","2022-04-07T14:20:46.266Z","archivesinternet.bnf.fr","blog","professionnel de la politique","","",""
"2034","Francoisasensi.com","IN","http://francoisasensi.com http://www.francoisasensi.com https://francoisasensi.com https://www.francoisasensi.com","s:https|h:com|h:francoisasensi| s:https|h:com|h:francoisasensi|h:www| s:http|h:com|h:francoisasensi| s:http|h:com|h:francoisasensi|h:www|","http://blog.francoisasensi.com","http://blog.francoisasensi.com http://francoisasensi.com http://www.francoisasensi.com https://francoisasensi.com https://www.francoisasensi.com","true","FINISHED","FINISHED","4","34","36","882","98","1649315921659","2022-04-07T07:18:41.659Z","1649336935937","2022-04-07T13:08:55.937Z","archivesinternet.bnf.fr","site","professionnel de la politique","","",""
"2306","Twitter.com /alexiscorbiere","IN","http://twitter.com/alexiscorbiere http://www.twitter.com/alexiscorbiere https://twitter.com/alexiscorbiere https://www.twitter.com/alexiscorbiere","s:https|h:com|h:twitter|h:www|p:alexiscorbiere| s:https|h:com|h:twitter|p:alexiscorbiere| s:http|h:com|h:twitter|h:www|p:alexiscorbiere| s:http|h:com|h:twitter|p:alexiscorbiere|","http://twitter.com/alexiscorbiere","http://twitter.com/alexiscorbiere http://www.twitter.com/alexiscorbiere https://twitter.com/alexiscorbiere https://www.twitter.com/alexiscorbiere","true","FINISHED","FINISHED","2","61","62","33","23","1649318782462","2022-04-07T08:06:22.462Z","1649328150260","2022-04-07T10:42:30.260Z","archivesinternet.bnf.fr","réseau social","professionnel de la politique","","",""
"2308","ianbrossat.Typepad.fr","IN","http://ianbrossat.typepad.fr http://www.ianbrossat.typepad.fr https://ianbrossat.typepad.fr https://www.ianbrossat.typepad.fr","s:https|h:fr|h:typepad|h:ianbrossat| s:https|h:fr|h:typepad|h:ianbrossat|h:www| s:http|h:fr|h:typepad|h:ianbrossat| s:http|h:fr|h:typepad|h:ianbrossat|h:www|","http://ianbrossat.typepad.fr","http://ianbrossat.typepad.fr http://www.ianbrossat.typepad.fr https://ianbrossat.typepad.fr https://www.ianbrossat.typepad.fr","true","FINISHED","FINISHED","4","32","36","260","35","1649318782462","2022-04-07T08:06:22.462Z","1649327776309","2022-04-07T10:36:16.309Z","archivesinternet.bnf.fr","blog","professionnel de la politique","","",""
"2549","Partageux.blogspot.com","IN","http://partageux.blogspot.com http://www.partageux.blogspot.com https://partageux.blogspot.com https://www.partageux.blogspot.com","s:https|h:blogspot.com|h:partageux| s:https|h:blogspot.com|h:partageux|h:www| s:http|h:blogspot.com|h:partageux| s:http|h:blogspot.com|h:partageux|h:www|","http://partageux.blogspot.com","http://partageux.blogspot.com http://www.partageux.blogspot.com https://partageux.blogspot.com https://www.partageux.blogspot.com","true","FINISHED","FINISHED","7","0","7","4","0","1649320721033","2022-04-07T08:38:41.033Z","1649328872172","2022-04-07T10:54:32.172Z","archivesinternet.bnf.fr","site","militant","","",""
"2556","Agauchepourdevrai.fr","IN","http://agauchepourdevrai.fr http://www.agauchepourdevrai.fr https://agauchepourdevrai.fr https://www.agauchepourdevrai.fr","s:https|h:fr|h:agauchepourdevrai| s:https|h:fr|h:agauchepourdevrai|h:www| s:http|h:fr|h:agauchepourdevrai| s:http|h:fr|h:agauchepourdevrai|h:www|","http://agauchepourdevrai.fr","http://agauchepourdevrai.fr http://agauchepourdevrai.fr/modedemploi http://agauchepourdevrai.fr/post/25383210196 http://agauchepourdevrai.fr/post/25383210196/sarkozy-cest-fini-vive-a-la-sociale-democratie http://agauchepourdevrai.fr/post/25428966711 http://agauchepourdevrai.fr/post/25428966711/la-ve-cest-bien-le-coup-detat-permanent http://agauchepourdevrai.fr/post/25935671009 http://agauchepourdevrai.fr/post/25935671009/smic-lindecence-du-parti-socialiste http://www.agauchepourdevrai.fr https://agauchepourdevrai.fr https://www.agauchepourdevrai.fr","true","FINISHED","FINISHED","7","62","66","392","43","1649320727461","2022-04-07T08:38:47.461Z","1649327879046","2022-04-07T10:37:59.046Z","archivesinternet.bnf.fr","blog","militant","","",""
"3413","letang-moderne.Over-Blog.com","IN","http://letang-moderne.over-blog.com http://www.letang-moderne.over-blog.com https://letang-moderne.over-blog.com https://www.letang-moderne.over-blog.com","s:https|h:com|h:over-blog|h:letang-moderne| s:https|h:com|h:over-blog|h:letang-moderne|h:www| s:http|h:com|h:over-blog|h:letang-moderne| s:http|h:com|h:over-blog|h:letang-moderne|h:www|","http://letang-moderne.over-blog.com","http://letang-moderne.over-blog.com http://letang-moderne.over-blog.com/article-aujourd-hui-c-est-les-soldes-c-est-fou-tout-ce-que-l-on-a-payer-quand-on-n-a-pas-de-sous-107489832.html http://letang-moderne.over-blog.com/article-entre-les-taches-et-la-tache-fdg-contribution-number2-107202802.html http://letang-moderne.over-blog.com/article-la-mode-du-melenchon-bashing-102533333.html http://letang-moderne.over-blog.com/article-le-peuple-ne-s-abstient-pas-le-18-mars-halal-bastille-100889160.html http://letang-moderne.over-blog.com/article-un-coup-d-index-sur-le-changement-107469205.html http://www.letang-moderne.over-blog.com https://letang-moderne.over-blog.com https://www.letang-moderne.over-blog.com","true","FINISHED","FINISHED","5","41","45","420","80","1649323267438","2022-04-07T09:21:07.438Z","1649335343502","2022-04-07T12:42:23.502Z","archivesinternet.bnf.fr","blog","militant","","",""
"3415","Gauchedecombat.com","IN","http://gauchedecombat.com http://gauchedecombat.wordpress.com http://www.gauchedecombat.com http://www.gauchedecombat.wordpress.com https://gauchedecombat.com https://gauchedecombat.wordpress.com https://www.gauchedecombat.com https://www.gauchedecombat.wordpress.com","s:https|h:com|h:gauchedecombat| s:https|h:com|h:gauchedecombat|h:www| s:https|h:com|h:wordpress|h:gauchedecombat| s:https|h:com|h:wordpress|h:gauchedecombat|h:www| s:http|h:com|h:gauchedecombat| s:http|h:com|h:gauchedecombat|h:www| s:http|h:com|h:wordpress|h:gauchedecombat| s:http|h:com|h:wordpress|h:gauchedecombat|h:www|","http://gauchedecombat.com","http://gauchedecombat.com http://gauchedecombat.wordpress.com http://www.gauchedecombat.com https://gauchedecombat.com https://www.gauchedecombat.com","true","FINISHED","FINISHED","12","144","148","531","21","1649323267438","2022-04-07T09:21:07.438Z","1649341158382","2022-04-07T14:19:18.382Z","archivesinternet.bnf.fr","site","militant","851: gauchedecombat.Wordpress.com (IN)","true",""
"3427","lepartidegauche23.Over-Blog.fr","IN","http://lepartidegauche23.over-blog.fr http://www.lepartidegauche23.over-blog.fr https://lepartidegauche23.over-blog.fr https://www.lepartidegauche23.over-blog.fr","s:https|h:fr|h:over-blog|h:lepartidegauche23| s:https|h:fr|h:over-blog|h:lepartidegauche23|h:www| s:http|h:fr|h:over-blog|h:lepartidegauche23| s:http|h:fr|h:over-blog|h:lepartidegauche23|h:www|","http://www.lepartidegauche23.over-blog.fr","http://lepartidegauche23.over-blog.fr","false","UNCRAWLED","UNINDEXED","2","0","2","6","0","1649323281675","2022-04-07T09:21:21.675Z","1649327847463","2022-04-07T10:37:27.463Z","archivesinternet.bnf.fr","blog","formation politique","","","user via lru"
"3428","jeunesfg37.Over-Blog.fr","IN","http://jeunesfg37.over-blog.fr http://www.jeunesfg37.over-blog.fr https://jeunesfg37.over-blog.fr https://www.jeunesfg37.over-blog.fr","s:https|h:fr|h:over-blog|h:jeunesfg37| s:https|h:fr|h:over-blog|h:jeunesfg37|h:www| s:http|h:fr|h:over-blog|h:jeunesfg37| s:http|h:fr|h:over-blog|h:jeunesfg37|h:www|","http://jeunesfg37.over-blog.fr","http://jeunesfg37.over-blog.fr","false","UNCRAWLED","UNINDEXED","2","0","2","2","0","1649323286344","2022-04-07T09:21:26.344Z","1649327867381","2022-04-07T10:37:47.381Z","archivesinternet.bnf.fr","blog","formation politique","","","user via lru"
"3439","cafemusique.Wordpress.com","IN","http://cafemusique.wordpress.com http://www.cafemusique.wordpress.com https://cafemusique.wordpress.com https://www.cafemusique.wordpress.com","s:https|h:com|h:wordpress|h:cafemusique| s:https|h:com|h:wordpress|h:cafemusique|h:www| s:http|h:com|h:wordpress|h:cafemusique| s:http|h:com|h:wordpress|h:cafemusique|h:www|","http://cafemusique.wordpress.com","http://cafemusique.wordpress.com http://www.cafemusique.wordpress.com https://cafemusique.wordpress.com https://www.cafemusique.wordpress.com","true","FINISHED","FINISHED","4","269","271","1607","106","1649323341846","2022-04-07T09:22:21.846Z","1649335372100","2022-04-07T12:42:52.100Z","archivesinternet.bnf.fr","blog","militant","","",""
"3450","Lheninois.com","IN","http://lheninois.com http://www.lheninois.com https://lheninois.com https://www.lheninois.com","s:https|h:com|h:lheninois| s:https|h:com|h:lheninois|h:www| s:http|h:com|h:lheninois| s:http|h:com|h:lheninois|h:www|","http://www.lheninois.com","http://lheninois.com http://www.lheninois.com http://www.lheninois.com/article-g20-ils-ont-un-peu-allege-le-programme-107201923.html http://www.lheninois.com/article-henin-beaumont-philippe-kemel-ps-d-un-cheveu-contre-marine-le-pen-107094545.html http://www.lheninois.com/article-non-au-pacte-budgetaire-pas-d-europe-sans-citoyens-107201539.html http://www.lheninois.com/article-rebondissements-a-la-salle-des-fetes-d-henin-107201183.html https://lheninois.com https://www.lheninois.com","true","FINISHED","FINISHED","4","127","129","7984","328","1649323359557","2022-04-07T09:22:39.557Z","1649332853727","2022-04-07T12:00:53.727Z","archivesinternet.bnf.fr","site","formation politique","","",""
"3569","partidegauche66.Over-Blog.fr","IN","http://partidegauche66.over-blog.fr http://www.partidegauche66.over-blog.fr https://partidegauche66.over-blog.fr https://www.partidegauche66.over-blog.fr","s:https|h:fr|h:over-blog|h:partidegauche66| s:https|h:fr|h:over-blog|h:partidegauche66|h:www| s:http|h:fr|h:over-blog|h:partidegauche66| s:http|h:fr|h:over-blog|h:partidegauche66|h:www|","http://partidegauche66.over-blog.fr","","false","UNCRAWLED","UNINDEXED","3","0","3","1","0","1649323660706","2022-04-07T09:27:40.706Z","1649327847465","2022-04-07T10:37:27.465Z","archivesinternet.bnf.fr","blog","formation politique","","",""
"3572","marc-dolez.Over-Blog.fr","IN","http://marc-dolez.over-blog.fr http://www.marc-dolez.over-blog.fr https://marc-dolez.over-blog.fr https://www.marc-dolez.over-blog.fr","s:https|h:fr|h:over-blog|h:marc-dolez| s:https|h:fr|h:over-blog|h:marc-dolez|h:www| s:http|h:fr|h:over-blog|h:marc-dolez| s:http|h:fr|h:over-blog|h:marc-dolez|h:www|","http://www.marc-dolez.over-blog.fr","","false","UNCRAWLED","UNINDEXED","2","0","2","2","0","1649323660706","2022-04-07T09:27:40.706Z","1649327797086","2022-04-07T10:36:37.086Z","archivesinternet.bnf.fr","blog","professionnel de la politique","","",""
"3573","reveilcommuniste.Over-Blog.fr","IN","http://reveilcommuniste.over-blog.fr http://www.reveilcommuniste.over-blog.fr https://reveilcommuniste.over-blog.fr https://www.reveilcommuniste.over-blog.fr","s:https|h:fr|h:over-blog|h:reveilcommuniste| s:https|h:fr|h:over-blog|h:reveilcommuniste|h:www| s:http|h:fr|h:over-blog|h:reveilcommuniste| s:http|h:fr|h:over-blog|h:reveilcommuniste|h:www|","http://reveilcommuniste.over-blog.fr","","false","UNCRAWLED","UNINDEXED","3","0","3","1","0","1649323660706","2022-04-07T09:27:40.706Z","1649327972146","2022-04-07T10:39:32.146Z","archivesinternet.bnf.fr","blog","militant","","",""
"3574","pg51.Over-Blog.fr","IN","http://pg51.over-blog.fr http://www.pg51.over-blog.fr https://pg51.over-blog.fr https://www.pg51.over-blog.fr","s:https|h:fr|h:over-blog|h:pg51| s:https|h:fr|h:over-blog|h:pg51|h:www| s:http|h:fr|h:over-blog|h:pg51| s:http|h:fr|h:over-blog|h:pg51|h:www|","http://pg51.over-blog.fr","http://pg51.over-blog.fr http://www.pg51.over-blog.fr https://pg51.over-blog.fr https://www.pg51.over-blog.fr","true","FINISHED","FINISHED","3","25","27","51","21","1649323660706","2022-04-07T09:27:40.706Z","1649335232337","2022-04-07T12:40:32.337Z","archivesinternet.bnf.fr","site","formation politique","","",""
"3581","Bab007-Babelouest.blogspot.fr","IN","http://bab007-babelouest.blogspot.fr http://www.bab007-babelouest.blogspot.fr https://bab007-babelouest.blogspot.fr https://www.bab007-babelouest.blogspot.fr","s:https|h:blogspot.fr|h:bab007-babelouest| s:https|h:blogspot.fr|h:bab007-babelouest|h:www| s:http|h:blogspot.fr|h:bab007-babelouest| s:http|h:blogspot.fr|h:bab007-babelouest|h:www|","http://bab007-babelouest.blogspot.fr","http://bab007-babelouest.blogspot.fr http://www.bab007-babelouest.blogspot.fr https://bab007-babelouest.blogspot.fr https://www.bab007-babelouest.blogspot.fr","true","FINISHED","FINISHED","4","219","220","382","72","1649323669249","2022-04-07T09:27:49.249Z","1649341348010","2022-04-07T14:22:28.010Z","archivesinternet.bnf.fr","blog","militant","","",""
"3795","adsblog.Unblog.fr","IN","http://adsblog.unblog.fr http://www.adsblog.unblog.fr https://adsblog.unblog.fr https://www.adsblog.unblog.fr","s:https|h:fr|h:unblog|h:adsblog| s:https|h:fr|h:unblog|h:adsblog|h:www| s:http|h:fr|h:unblog|h:adsblog| s:http|h:fr|h:unblog|h:adsblog|h:www|","http://adsblog.unblog.fr","http://adsblog.unblog.fr http://www.adsblog.unblog.fr https://adsblog.unblog.fr https://www.adsblog.unblog.fr","true","FINISHED","FINISHED","1","84","84","1208","65","1649323884943","2022-04-07T09:31:24.943Z","1649328134260","2022-04-07T10:42:14.260Z","archivesinternet.bnf.fr","site","formation politique","","",""
"3798","jeanlouisberland.Unblog.fr","IN","http://jeanlouisberland.unblog.fr http://www.jeanlouisberland.unblog.fr https://jeanlouisberland.unblog.fr https://www.jeanlouisberland.unblog.fr","s:https|h:fr|h:unblog|h:jeanlouisberland| s:https|h:fr|h:unblog|h:jeanlouisberland|h:www| s:http|h:fr|h:unblog|h:jeanlouisberland| s:http|h:fr|h:unblog|h:jeanlouisberland|h:www|","http://jeanlouisberland.unblog.fr","http://jeanlouisberland.unblog.fr http://www.jeanlouisberland.unblog.fr https://jeanlouisberland.unblog.fr https://www.jeanlouisberland.unblog.fr","true","FINISHED","FINISHED","2","177","178","1854","118","1649323884944","2022-04-07T09:31:24.944Z","1649327776310","2022-04-07T10:36:16.310Z","archivesinternet.bnf.fr","blog","professionnel de la politique","","",""
"3803","atoucoeur.Unblog.fr","IN","http://atoucoeur.unblog.fr http://www.atoucoeur.unblog.fr https://atoucoeur.unblog.fr https://www.atoucoeur.unblog.fr","s:https|h:fr|h:unblog|h:atoucoeur| s:https|h:fr|h:unblog|h:atoucoeur|h:www| s:http|h:fr|h:unblog|h:atoucoeur| s:http|h:fr|h:unblog|h:atoucoeur|h:www|","http://atoucoeur.unblog.fr","http://atoucoeur.unblog.fr http://www.atoucoeur.unblog.fr https://atoucoeur.unblog.fr https://www.atoucoeur.unblog.fr","true","FINISHED","FINISHED","1","46","46","1995","204","1649323884944","2022-04-07T09:31:24.944Z","1649328079003","2022-04-07T10:41:19.003Z","archivesinternet.bnf.fr","blog","militant","","",""
"3804","communistefeigniesunblogfr.Unblog.fr","IN","http://communistefeigniesunblogfr.unblog.fr http://www.communistefeigniesunblogfr.unblog.fr https://communistefeigniesunblogfr.unblog.fr https://www.communistefeigniesunblogfr.unblog.fr","s:https|h:fr|h:unblog|h:communistefeigniesunblogfr| s:https|h:fr|h:unblog|h:communistefeigniesunblogfr|h:www| s:http|h:fr|h:unblog|h:communistefeigniesunblogfr| s:http|h:fr|h:unblog|h:communistefeigniesunblogfr|h:www|","http://communistefeigniesunblogfr.unblog.fr","http://communistefeigniesunblogfr.unblog.fr http://www.communistefeigniesunblogfr.unblog.fr https://communistefeigniesunblogfr.unblog.fr https://www.communistefeigniesunblogfr.unblog.fr","true","FINISHED","FINISHED","3","738","738","5313","238","1649323884944","2022-04-07T09:31:24.944Z","1649327826663","2022-04-07T10:37:06.663Z","archivesinternet.bnf.fr","blog","formation politique","","",""
"3814","pcfmaubeuge.Unblog.fr","IN","http://pcfmaubeuge.unblog.fr http://www.pcfmaubeuge.unblog.fr https://pcfmaubeuge.unblog.fr https://www.pcfmaubeuge.unblog.fr","s:https|h:fr|h:unblog|h:pcfmaubeuge| s:https|h:fr|h:unblog|h:pcfmaubeuge|h:www| s:http|h:fr|h:unblog|h:pcfmaubeuge| s:http|h:fr|h:unblog|h:pcfmaubeuge|h:www|","http://pcfmaubeuge.unblog.fr","http://pcfmaubeuge.unblog.fr http://www.pcfmaubeuge.unblog.fr https://pcfmaubeuge.unblog.fr https://www.pcfmaubeuge.unblog.fr","true","FINISHED","FINISHED","3","181","181","1477","111","1649323884944","2022-04-07T09:31:24.944Z","1649327826667","2022-04-07T10:37:06.667Z","archivesinternet.bnf.fr","blog","formation politique","","",""
"4371","Twitter.com /Auditcitoyen","IN","http://twitter.com/Auditcitoyen http://www.twitter.com/Auditcitoyen https://twitter.com/Auditcitoyen https://www.twitter.com/Auditcitoyen","s:https|h:com|h:twitter|h:www|p:Auditcitoyen| s:https|h:com|h:twitter|p:Auditcitoyen| s:http|h:com|h:twitter|h:www|p:Auditcitoyen| s:http|h:com|h:twitter|p:Auditcitoyen|","http://twitter.com/Auditcitoyen","http://twitter.com/Auditcitoyen http://www.twitter.com/Auditcitoyen https://twitter.com/Auditcitoyen https://www.twitter.com/Auditcitoyen","true","FINISHED","FINISHED","1","0","1","2","2","1649325130710","2022-04-07T09:52:10.710Z","1649328657702","2022-04-07T10:50:57.702Z","archivesinternet.bnf.fr","réseau social","militant","","",""
"4430","autonpourprinten.Skyrock.com","IN","http://autonpourprinten.skyrock.com http://www.autonpourprinten.skyrock.com https://autonpourprinten.skyrock.com https://www.autonpourprinten.skyrock.com","s:https|h:com|h:skyrock|h:autonpourprinten| s:https|h:com|h:skyrock|h:autonpourprinten|h:www| s:http|h:com|h:skyrock|h:autonpourprinten| s:http|h:com|h:skyrock|h:autonpourprinten|h:www|","http://autonpourprinten.skyrock.com","http://autonpourprinten.skyrock.com","false","UNCRAWLED","UNINDEXED","1","0","1","2","0","1649325261175","2022-04-07T09:54:21.175Z","1649327972143","2022-04-07T10:39:32.143Z","archivesinternet.bnf.fr","blog","militant","","","user via lru"
"4869","lepartidegauche81.Blog.fr","IN","http://lepartidegauche81.blog.fr http://www.lepartidegauche81.blog.fr https://lepartidegauche81.blog.fr https://www.lepartidegauche81.blog.fr","s:https|h:fr|h:blog|h:lepartidegauche81| s:https|h:fr|h:blog|h:lepartidegauche81|h:www| s:http|h:fr|h:blog|h:lepartidegauche81| s:http|h:fr|h:blog|h:lepartidegauche81|h:www|","http://lepartidegauche81.blog.fr","http://lepartidegauche81.blog.fr http://www.lepartidegauche81.blog.fr https://lepartidegauche81.blog.fr https://www.lepartidegauche81.blog.fr","true","FINISHED","FINISHED","4","0","4","4","2","1649327502473","2022-04-07T10:31:42.473Z","1649329070551","2022-04-07T10:57:50.551Z","archivesinternet.bnf.fr","blog","formation politique","","",""
"441","Bruno-Leprince.fr","UNDECIDED","http://bruno-leprince.fr http://www.bruno-leprince.fr https://bruno-leprince.fr https://www.bruno-leprince.fr","s:https|h:fr|h:bruno-leprince| s:https|h:fr|h:bruno-leprince|h:www| s:http|h:fr|h:bruno-leprince| s:http|h:fr|h:bruno-leprince|h:www|","http://www.bruno-leprince.fr/bdcPolag.html","http://bruno-leprince.fr http://www.bruno-leprince.fr http://www.bruno-leprince.fr/167.html http://www.bruno-leprince.fr/bdcPolag.html http://www.bruno-leprince.fr/index.html https://bruno-leprince.fr https://www.bruno-leprince.fr","true","FINISHED","FINISHED","6","12","17","201","55","1649248832100","2022-04-06T12:40:32.100Z","1649338954791","2022-04-07T13:42:34.791Z","archivesinternet.bnf.fr","site","autre","","",""
"1592","Gabrielperi.fr","UNDECIDED","http://gabrielperi.fr http://www.gabrielperi.fr https://gabrielperi.fr https://www.gabrielperi.fr","s:https|h:fr|h:gabrielperi| s:https|h:fr|h:gabrielperi|h:www| s:http|h:fr|h:gabrielperi| s:http|h:fr|h:gabrielperi|h:www|","http://www.gabrielperi.fr","","false","UNCRAWLED","UNINDEXED","6","0","6","3","0","1649255650366","2022-04-06T14:34:10.366Z","1649338986675","2022-04-07T13:43:06.675Z","","site","autre","","",""
"1815","Facebook.com /events","UNDECIDED","http://facebook.com/events http://www.facebook.com/events https://facebook.com/events https://www.facebook.com/events","s:https|h:com|h:facebook|h:www|p:events| s:https|h:com|h:facebook|p:events| s:http|h:com|h:facebook|h:www|p:events| s:http|h:com|h:facebook|p:events|","http://www.facebook.com/events","","false","UNCRAWLED","UNINDEXED","4","0","4","18","0","1649315916313","2022-04-07T07:18:36.313Z","1649337276914","2022-04-07T13:14:36.914Z","","réseau social","autre","","",""
"3913","Jean-Jaures.org","UNDECIDED","http://jean-jaures.org http://www.jean-jaures.org https://jean-jaures.org https://www.jean-jaures.org","s:https|h:org|h:jean-jaures| s:https|h:org|h:jean-jaures|h:www| s:http|h:org|h:jean-jaures| s:http|h:org|h:jean-jaures|h:www|","http://www.jean-jaures.org","","false","CANCELED","FINISHED","1","0","1","1","0","1649324249120","2022-04-07T09:37:29.120Z","1649339002283","2022-04-07T13:43:22.283Z","archivesinternet.bnf.fr","site","autre","","",""