domaine,theme,value
vouzemoi.net,adn,17449
vouzemoi.net,FIV,409
vouzemoi.net,genes,4271
vouzemoi.net,chretien,3544
vouzemoi.net,brevets,1209
vouzemoi.net,embryon,287
vouzemoi.net,clonage,2457
vouzemoi.net,telethon,266
vouzemoi.net,vache_folle,3844
vouzemoi.net,avortement,1013
vouzemoi.net,bioethique,192
vouzemoi.net,souches,1217
chiennesdegarde.org,adn,5350
chiennesdegarde.org,eugenisme,323
chiennesdegarde.org,genome,31
chiennesdegarde.org,FIV,3554
chiennesdegarde.org,genes,15177
chiennesdegarde.org,chretien,9747
chiennesdegarde.org,brevets,373
chiennesdegarde.org,embryon,7184
chiennesdegarde.org,clonage,3763
chiennesdegarde.org,ogm,3
chiennesdegarde.org,transgenetique,1171
chiennesdegarde.org,telethon,3
chiennesdegarde.org,vache_folle,21028
chiennesdegarde.org,avortement,19315
chiennesdegarde.org,bioethique,49
chiennesdegarde.org,souches,1330
ladepeche.com,adn,2056
ladepeche.com,eugenisme,5
ladepeche.com,genome,1173
ladepeche.com,FIV,4543
ladepeche.com,genes,16930
ladepeche.com,chretien,36794
ladepeche.com,brevets,7778
ladepeche.com,embryon,1422
ladepeche.com,clonage,4392
ladepeche.com,ogm,1387
ladepeche.com,bayer,621
ladepeche.com,transgenetique,11749
ladepeche.com,telethon,14232
ladepeche.com,vache_folle,36126
ladepeche.com,avortement,4063
ladepeche.com,bioethique,253
ladepeche.com,souches,4271
levillage.org,adn,1140
levillage.org,genes,64
levillage.org,chretien,1066
levillage.org,brevets,40
levillage.org,embryon,182
levillage.org,clonage,1104
levillage.org,vache_folle,1936
levillage.org,avortement,1340
levillage.org,souches,1812
chevenement2002.com,adn,609
chevenement2002.com,eugenisme,209
chevenement2002.com,genome,52
chevenement2002.com,FIV,395
chevenement2002.com,genes,4861
chevenement2002.com,chretien,7821
chevenement2002.com,brevets,4059
chevenement2002.com,embryon,1340
chevenement2002.com,clonage,2391
chevenement2002.com,bayer,127
chevenement2002.com,transgenetique,13
chevenement2002.com,telethon,51
chevenement2002.com,vache_folle,2821
chevenement2002.com,avortement,3101
chevenement2002.com,bioethique,39
chevenement2002.com,souches,4825
pcf.fr,adn,432
pcf.fr,eugenisme,140
pcf.fr,genome,2914
pcf.fr,FIV,1618
pcf.fr,genes,6539
pcf.fr,chretien,1615
pcf.fr,brevets,5225
pcf.fr,embryon,2900
pcf.fr,clonage,3027
pcf.fr,ogm,79
pcf.fr,bayer,85
pcf.fr,transgenetique,796
pcf.fr,telethon,345
pcf.fr,vache_folle,2794
pcf.fr,avortement,291
pcf.fr,bioethique,14945
pcf.fr,souches,1069
topchretien.com,adn,391
topchretien.com,eugenisme,300
topchretien.com,genome,110
topchretien.com,FIV,982
topchretien.com,genes,1392
topchretien.com,chretien,76211
topchretien.com,brevets,259
topchretien.com,embryon,1180
topchretien.com,clonage,1480
topchretien.com,ogm,15
topchretien.com,bayer,29
topchretien.com,transgenetique,33
topchretien.com,telethon,68
topchretien.com,vache_folle,252
topchretien.com,avortement,2351
topchretien.com,bioethique,389
topchretien.com,souches,865
generation-ecologie.com,adn,254
generation-ecologie.com,eugenisme,326
generation-ecologie.com,genome,136
generation-ecologie.com,FIV,316
generation-ecologie.com,genes,1771
generation-ecologie.com,chretien,1112
generation-ecologie.com,brevets,680
generation-ecologie.com,embryon,337
generation-ecologie.com,clonage,975
generation-ecologie.com,ogm,24
generation-ecologie.com,bayer,88
generation-ecologie.com,transgenetique,1273
generation-ecologie.com,vache_folle,1828
generation-ecologie.com,avortement,318
generation-ecologie.com,bioethique,97
generation-ecologie.com,souches,1117
teaser.fr,adn,204
teaser.fr,genome,772
teaser.fr,FIV,104
teaser.fr,genes,1080
teaser.fr,chretien,526
teaser.fr,brevets,116
teaser.fr,embryon,206
teaser.fr,clonage,690
teaser.fr,ogm,668
teaser.fr,bayer,1216
teaser.fr,transgenetique,100
teaser.fr,avortement,218
teaser.fr,bioethique,100
teaser.fr,souches,308
senat.fr,adn,189
senat.fr,eugenisme,115
senat.fr,genome,430
senat.fr,FIV,1571
senat.fr,genes,2300
senat.fr,chretien,996
senat.fr,brevets,2450
senat.fr,embryon,883
senat.fr,clonage,372
senat.fr,ogm,395
senat.fr,bayer,45
senat.fr,transgenetique,313
senat.fr,telethon,76
senat.fr,vache_folle,3355
senat.fr,avortement,662
senat.fr,bioethique,601
senat.fr,souches,494
derstandard.at,adn,173
derstandard.at,genome,8068
derstandard.at,FIV,121
derstandard.at,genes,897
derstandard.at,chretien,25
derstandard.at,embryon,1109
derstandard.at,clonage,167
derstandard.at,bayer,1282
derstandard.at,transgenetique,698
presidentielles.net,adn,172
presidentielles.net,eugenisme,912
presidentielles.net,FIV,532
presidentielles.net,genes,5825
presidentielles.net,chretien,2289
presidentielles.net,brevets,955
presidentielles.net,embryon,16
presidentielles.net,clonage,5401
presidentielles.net,telethon,22
presidentielles.net,vache_folle,3280
presidentielles.net,avortement,7101
presidentielles.net,bioethique,33
presidentielles.net,souches,5417
assemblee-nationale.fr,adn,169
assemblee-nationale.fr,eugenisme,111
assemblee-nationale.fr,genome,256
assemblee-nationale.fr,FIV,961
assemblee-nationale.fr,genes,1490
assemblee-nationale.fr,chretien,595
assemblee-nationale.fr,brevets,1870
assemblee-nationale.fr,embryon,676
assemblee-nationale.fr,clonage,283
assemblee-nationale.fr,ogm,342
assemblee-nationale.fr,bayer,23
assemblee-nationale.fr,transgenetique,205
assemblee-nationale.fr,telethon,56
assemblee-nationale.fr,vache_folle,1893
assemblee-nationale.fr,avortement,581
assemblee-nationale.fr,bioethique,891
assemblee-nationale.fr,souches,295
france-sites.com,adn,165
france-sites.com,genome,44
france-sites.com,FIV,44
france-sites.com,genes,66
france-sites.com,chretien,473
france-sites.com,brevets,66
france-sites.com,clonage,22
france-sites.com,telethon,68
france-sites.com,vache_folle,231
france-sites.com,souches,121
mei-fr.org,adn,133
mei-fr.org,genome,171
mei-fr.org,FIV,29
mei-fr.org,genes,1080
mei-fr.org,chretien,29
mei-fr.org,brevets,170
mei-fr.org,embryon,29
mei-fr.org,clonage,52
mei-fr.org,ogm,212
mei-fr.org,bayer,29
mei-fr.org,transgenetique,1027
mei-fr.org,vache_folle,697
mei-fr.org,avortement,104
mei-fr.org,souches,146
samizdat.net,adn,129
samizdat.net,eugenisme,18
samizdat.net,genome,59
samizdat.net,FIV,22
samizdat.net,genes,738
samizdat.net,chretien,566
samizdat.net,brevets,774
samizdat.net,embryon,66
samizdat.net,clonage,96
samizdat.net,ogm,8
samizdat.net,transgenetique,256
samizdat.net,telethon,4
samizdat.net,vache_folle,268
samizdat.net,avortement,221
samizdat.net,bioethique,2
samizdat.net,souches,34
mhr-viandes.com,adn,128
mhr-viandes.com,genome,86
mhr-viandes.com,FIV,282
mhr-viandes.com,genes,812
mhr-viandes.com,chretien,80
mhr-viandes.com,brevets,94
mhr-viandes.com,embryon,174
mhr-viandes.com,clonage,280
mhr-viandes.com,ogm,120
mhr-viandes.com,bayer,8
mhr-viandes.com,transgenetique,180
mhr-viandes.com,vache_folle,4458
mhr-viandes.com,avortement,38
mhr-viandes.com,souches,228
lcr-rouge.org,adn,108
lcr-rouge.org,eugenisme,270
lcr-rouge.org,genome,245
lcr-rouge.org,FIV,389
lcr-rouge.org,genes,1460
lcr-rouge.org,chretien,1667
lcr-rouge.org,brevets,1333
lcr-rouge.org,embryon,495
lcr-rouge.org,clonage,392
lcr-rouge.org,ogm,193
lcr-rouge.org,bayer,56
lcr-rouge.org,transgenetique,1001
lcr-rouge.org,telethon,54
lcr-rouge.org,vache_folle,2838
lcr-rouge.org,avortement,1672
lcr-rouge.org,bioethique,54
lcr-rouge.org,souches,222
journaldunet.com,adn,85
journaldunet.com,genome,43
journaldunet.com,FIV,1412
journaldunet.com,genes,94
journaldunet.com,chretien,72
journaldunet.com,brevets,896
journaldunet.com,embryon,1520
journaldunet.com,clonage,167
journaldunet.com,bayer,186
journaldunet.com,transgenetique,47
journaldunet.com,telethon,109
journaldunet.com,vache_folle,514
journaldunet.com,avortement,228
journaldunet.com,bioethique,17
largeur.com,adn,62
largeur.com,eugenisme,26
largeur.com,genome,2
largeur.com,FIV,222
largeur.com,genes,622
largeur.com,chretien,993
largeur.com,brevets,88
largeur.com,embryon,178
largeur.com,clonage,220
largeur.com,ogm,12
largeur.com,bayer,4
largeur.com,transgenetique,56
largeur.com,vache_folle,1078
largeur.com,avortement,15239
largeur.com,bioethique,2
largeur.com,souches,278
eu.org,adn,54
eu.org,eugenisme,48
eu.org,genome,108
eu.org,FIV,244
eu.org,genes,1026
eu.org,chretien,52
eu.org,brevets,2510
eu.org,embryon,212
eu.org,clonage,237
eu.org,transgenetique,196
eu.org,vache_folle,706
eu.org,avortement,185
eu.org,bioethique,1764
eu.org,souches,190
les-verts.org,adn,54
les-verts.org,eugenisme,148
les-verts.org,genome,81
les-verts.org,FIV,121
les-verts.org,genes,2420
les-verts.org,chretien,556
les-verts.org,brevets,796
les-verts.org,embryon,156
les-verts.org,clonage,370
les-verts.org,ogm,178
les-verts.org,bayer,88
les-verts.org,transgenetique,1724
les-verts.org,vache_folle,2484
les-verts.org,avortement,529
les-verts.org,bioethique,232
les-verts.org,souches,97
fluctuat.net,adn,48
fluctuat.net,eugenisme,30
fluctuat.net,genome,36
fluctuat.net,FIV,57
fluctuat.net,genes,338
fluctuat.net,chretien,370
fluctuat.net,brevets,24
fluctuat.net,embryon,31
fluctuat.net,clonage,258
fluctuat.net,ogm,6
fluctuat.net,bayer,3
fluctuat.net,transgenetique,78
fluctuat.net,telethon,30
fluctuat.net,vache_folle,614
fluctuat.net,avortement,153
fluctuat.net,bioethique,6
fluctuat.net,souches,40
wanadoo.fr,adn,46
wanadoo.fr,eugenisme,56
wanadoo.fr,genome,88
wanadoo.fr,FIV,225
wanadoo.fr,genes,752
wanadoo.fr,chretien,362
wanadoo.fr,brevets,522
wanadoo.fr,embryon,152
wanadoo.fr,clonage,116
wanadoo.fr,ogm,93
wanadoo.fr,bayer,6
wanadoo.fr,transgenetique,201
wanadoo.fr,telethon,127
wanadoo.fr,vache_folle,1497
wanadoo.fr,avortement,322
wanadoo.fr,bioethique,183
wanadoo.fr,souches,103
actupp.org,adn,38
actupp.org,eugenisme,20
actupp.org,genome,16
actupp.org,FIV,80
actupp.org,genes,58
actupp.org,chretien,102
actupp.org,brevets,883
actupp.org,bayer,106
actupp.org,transgenetique,82
actupp.org,vache_folle,39
actupp.org,avortement,168
actupp.org,souches,85
chevenement.net,adn,38
chevenement.net,eugenisme,26
chevenement.net,genome,2
chevenement.net,FIV,16
chevenement.net,genes,354
chevenement.net,chretien,399
chevenement.net,brevets,83
chevenement.net,embryon,109
chevenement.net,clonage,207
chevenement.net,bayer,10
chevenement.net,vache_folle,32
chevenement.net,avortement,106
chevenement.net,bioethique,3
chevenement.net,souches,114
chiracaveclafrance.net,adn,38
chiracaveclafrance.net,eugenisme,362
chiracaveclafrance.net,genome,18
chiracaveclafrance.net,FIV,130
chiracaveclafrance.net,genes,5535
chiracaveclafrance.net,chretien,5752
chiracaveclafrance.net,brevets,5564
chiracaveclafrance.net,clonage,306
chiracaveclafrance.net,transgenetique,32
chiracaveclafrance.net,telethon,82
chiracaveclafrance.net,vache_folle,10962
chiracaveclafrance.net,avortement,3590
chiracaveclafrance.net,bioethique,34
chiracaveclafrance.net,souches,2070
academie-sciences.fr,adn,34
academie-sciences.fr,genome,106
academie-sciences.fr,FIV,19
academie-sciences.fr,genes,130
academie-sciences.fr,chretien,5
academie-sciences.fr,brevets,26
academie-sciences.fr,embryon,15
academie-sciences.fr,clonage,25
academie-sciences.fr,transgenetique,28
academie-sciences.fr,telethon,3
academie-sciences.fr,vache_folle,23
academie-sciences.fr,avortement,1
academie-sciences.fr,bioethique,14
academie-sciences.fr,souches,21
lycos.fr,adn,31
lycos.fr,eugenisme,8
lycos.fr,genome,30
lycos.fr,FIV,50
lycos.fr,genes,232
lycos.fr,chretien,326
lycos.fr,brevets,76
lycos.fr,embryon,103
lycos.fr,clonage,49
lycos.fr,ogm,14
lycos.fr,bayer,32
lycos.fr,transgenetique,58
lycos.fr,telethon,68
lycos.fr,vache_folle,213
lycos.fr,avortement,338
lycos.fr,bioethique,38
lycos.fr,souches,75
free.fr,adn,30
free.fr,eugenisme,26
free.fr,genome,78
free.fr,FIV,260
free.fr,genes,481
free.fr,chretien,677
free.fr,brevets,531
free.fr,embryon,102
free.fr,clonage,131
free.fr,ogm,31
free.fr,bayer,20
free.fr,transgenetique,79
free.fr,telethon,16
free.fr,vache_folle,690
free.fr,avortement,358
free.fr,bioethique,4618
free.fr,souches,79
mauvaisgenres.com,adn,28
mauvaisgenres.com,eugenisme,4
mauvaisgenres.com,genome,16
mauvaisgenres.com,FIV,24
mauvaisgenres.com,genes,172
mauvaisgenres.com,chretien,132
mauvaisgenres.com,brevets,8
mauvaisgenres.com,embryon,24
mauvaisgenres.com,clonage,112
mauvaisgenres.com,transgenetique,8
mauvaisgenres.com,telethon,4
mauvaisgenres.com,vache_folle,172
mauvaisgenres.com,avortement,48
mauvaisgenres.com,bioethique,4
mauvaisgenres.com,souches,24
turigoloukoi.com,adn,28
turigoloukoi.com,genome,4
turigoloukoi.com,FIV,8
turigoloukoi.com,genes,12
turigoloukoi.com,chretien,5
turigoloukoi.com,clonage,8
turigoloukoi.com,vache_folle,16
turigoloukoi.com,avortement,8
demlib.com,adn,26
demlib.com,eugenisme,132
demlib.com,genome,735
demlib.com,FIV,802
demlib.com,genes,2035
demlib.com,chretien,752
demlib.com,brevets,1307
demlib.com,embryon,1071
demlib.com,clonage,824
demlib.com,ogm,178
demlib.com,transgenetique,118
demlib.com,telethon,74
demlib.com,vache_folle,2215
demlib.com,avortement,672
demlib.com,bioethique,1097
demlib.com,souches,246
gauchestory.com,adn,26
gauchestory.com,FIV,143
gauchestory.com,genes,759
gauchestory.com,chretien,26843
gauchestory.com,brevets,206
gauchestory.com,embryon,8
gauchestory.com,clonage,83
gauchestory.com,transgenetique,26
gauchestory.com,telethon,10
gauchestory.com,vache_folle,9545
gauchestory.com,avortement,254
gauchestory.com,souches,316
raslfront.org,adn,26
raslfront.org,eugenisme,38
raslfront.org,genome,8
raslfront.org,FIV,52
raslfront.org,genes,88
raslfront.org,chretien,430
raslfront.org,brevets,8
raslfront.org,embryon,38
raslfront.org,clonage,48
raslfront.org,ogm,8
raslfront.org,transgenetique,8
raslfront.org,vache_folle,42
raslfront.org,avortement,402
raslfront.org,bioethique,14
raslfront.org,souches,64
terredescale.net,adn,24
terredescale.net,chretien,178
terredescale.net,embryon,12
terredescale.net,avortement,4
terredescale.net,souches,28
touscitoyens.org,adn,24
touscitoyens.org,genes,64
touscitoyens.org,chretien,24
touscitoyens.org,brevets,16
touscitoyens.org,transgenetique,20
touscitoyens.org,vache_folle,44
u-m-p.org,adn,24
u-m-p.org,eugenisme,712
u-m-p.org,genome,4
u-m-p.org,FIV,67
u-m-p.org,genes,2898
u-m-p.org,chretien,2854
u-m-p.org,brevets,1663
u-m-p.org,clonage,437
u-m-p.org,transgenetique,10
u-m-p.org,telethon,20
u-m-p.org,vache_folle,4482
u-m-p.org,avortement,2216
u-m-p.org,souches,1050
infodujour.com,adn,21
infodujour.com,eugenisme,21
infodujour.com,genome,7
infodujour.com,FIV,18
infodujour.com,genes,63
infodujour.com,chretien,170
infodujour.com,brevets,42
infodujour.com,clonage,44
infodujour.com,telethon,35
infodujour.com,vache_folle,219
infodujour.com,avortement,35
infodujour.com,souches,9
d-l-c.org,adn,20
d-l-c.org,eugenisme,47
d-l-c.org,FIV,80
d-l-c.org,genes,126
d-l-c.org,chretien,464
d-l-c.org,brevets,35
d-l-c.org,embryon,93
d-l-c.org,clonage,100
d-l-c.org,bayer,80
d-l-c.org,transgenetique,20
d-l-c.org,telethon,20
d-l-c.org,vache_folle,227
d-l-c.org,avortement,61
d-l-c.org,bioethique,61
d-l-c.org,souches,179
publico.pt,adn,20
publico.pt,genome,69
publico.pt,FIV,4
publico.pt,genes,78
publico.pt,chretien,4
publico.pt,brevets,2
publico.pt,clonage,10
publico.pt,bayer,10
publico.pt,vache_folle,22
temps-reels.net,adn,20
temps-reels.net,eugenisme,20
temps-reels.net,genome,38
temps-reels.net,FIV,74
temps-reels.net,genes,102
temps-reels.net,chretien,4
temps-reels.net,brevets,765
temps-reels.net,embryon,40
temps-reels.net,clonage,76
temps-reels.net,telethon,4
temps-reels.net,vache_folle,76
temps-reels.net,avortement,60
temps-reels.net,souches,5
tempspublic.com,adn,20
tempspublic.com,eugenisme,20
tempspublic.com,genes,74
tempspublic.com,chretien,42
tempspublic.com,embryon,20
tempspublic.com,clonage,72
tempspublic.com,ogm,40
tempspublic.com,bayer,8
tempspublic.com,transgenetique,20
tempspublic.com,vache_folle,128
tempspublic.com,avortement,56
tempspublic.com,bioethique,20
nicematin.fr,adn,18
nicematin.fr,FIV,76
nicematin.fr,genes,163
nicematin.fr,chretien,1199
nicematin.fr,brevets,110
nicematin.fr,embryon,9
nicematin.fr,clonage,44
nicematin.fr,bayer,48
nicematin.fr,telethon,18
nicematin.fr,vache_folle,62
nicematin.fr,avortement,224
nicematin.fr,bioethique,8
nicematin.fr,souches,19
reforme.net,adn,18
reforme.net,eugenisme,12
reforme.net,genome,54
reforme.net,FIV,54
reforme.net,genes,110
reforme.net,chretien,1890
reforme.net,brevets,44
reforme.net,embryon,54
reforme.net,clonage,36
reforme.net,transgenetique,24
reforme.net,vache_folle,100
reforme.net,avortement,172
reforme.net,bioethique,66
reforme.net,souches,44
c6r-fr.org,adn,16
c6r-fr.org,genome,20
c6r-fr.org,genes,22
c6r-fr.org,chretien,2
c6r-fr.org,brevets,22
c6r-fr.org,embryon,16
c6r-fr.org,clonage,14
c6r-fr.org,telethon,16
c6r-fr.org,vache_folle,19
laicite-republique.org,adn,16
laicite-republique.org,genome,12
laicite-republique.org,FIV,36
laicite-republique.org,genes,70
laicite-republique.org,chretien,766
laicite-republique.org,brevets,12
laicite-republique.org,embryon,24
laicite-republique.org,clonage,24
laicite-republique.org,vache_folle,8
laicite-republique.org,avortement,24
laicite-republique.org,bioethique,32
laicite-republique.org,souches,20
ouvaton.org,adn,16
ouvaton.org,eugenisme,31
ouvaton.org,genome,17
ouvaton.org,FIV,25
ouvaton.org,genes,284
ouvaton.org,chretien,78
ouvaton.org,brevets,73
ouvaton.org,embryon,15
ouvaton.org,clonage,72
ouvaton.org,ogm,28
ouvaton.org,transgenetique,53
ouvaton.org,vache_folle,93
ouvaton.org,avortement,38
ouvaton.org,bioethique,8
ouvaton.org,souches,35
premier-ministre.gouv.fr,adn,15
premier-ministre.gouv.fr,eugenisme,6
premier-ministre.gouv.fr,genome,279
premier-ministre.gouv.fr,FIV,289
premier-ministre.gouv.fr,genes,682
premier-ministre.gouv.fr,chretien,458
premier-ministre.gouv.fr,brevets,701
premier-ministre.gouv.fr,embryon,200
premier-ministre.gouv.fr,clonage,182
premier-ministre.gouv.fr,ogm,63
premier-ministre.gouv.fr,transgenetique,159
premier-ministre.gouv.fr,telethon,122
premier-ministre.gouv.fr,vache_folle,1217
premier-ministre.gouv.fr,avortement,129
premier-ministre.gouv.fr,bioethique,722
premier-ministre.gouv.fr,souches,170
front-national.com,adn,14
front-national.com,genome,32
front-national.com,FIV,28
front-national.com,genes,165
front-national.com,chretien,323
front-national.com,brevets,106
front-national.com,embryon,69
front-national.com,clonage,76
front-national.com,ogm,28
front-national.com,transgenetique,14
front-national.com,vache_folle,477
front-national.com,avortement,263
front-national.com,bioethique,34
front-national.com,souches,195
christineboutin2002.com,adn,12
christineboutin2002.com,eugenisme,96
christineboutin2002.com,genome,12
christineboutin2002.com,FIV,32
christineboutin2002.com,genes,56
christineboutin2002.com,chretien,20
christineboutin2002.com,brevets,24
christineboutin2002.com,embryon,249
christineboutin2002.com,clonage,106
christineboutin2002.com,avortement,134
christineboutin2002.com,bioethique,165
christineboutin2002.com,souches,62
citegay.fr,adn,12
citegay.fr,eugenisme,6
citegay.fr,genome,6
citegay.fr,FIV,112
citegay.fr,genes,48
citegay.fr,chretien,320
citegay.fr,brevets,72
citegay.fr,embryon,60
citegay.fr,clonage,28
citegay.fr,transgenetique,160
citegay.fr,telethon,6
citegay.fr,vache_folle,150
citegay.fr,avortement,120
citegay.fr,bioethique,22
citegay.fr,souches,56
lesverts-lorraine.org,adn,12
lesverts-lorraine.org,FIV,8
lesverts-lorraine.org,genes,76
lesverts-lorraine.org,chretien,20
lesverts-lorraine.org,brevets,12
lesverts-lorraine.org,embryon,8
lesverts-lorraine.org,clonage,4
lesverts-lorraine.org,ogm,12
lesverts-lorraine.org,transgenetique,36
lesverts-lorraine.org,vache_folle,112
lesverts-lorraine.org,avortement,8
lesverts-lorraine.org,bioethique,4
lesverts-lorraine.org,souches,28
mrap.asso.fr,adn,12
mrap.asso.fr,genome,6
mrap.asso.fr,FIV,6
mrap.asso.fr,genes,26
mrap.asso.fr,chretien,42
mrap.asso.fr,brevets,6
mrap.asso.fr,avortement,12
mrap.asso.fr,bioethique,6
mrap.asso.fr,souches,12
online.fr,adn,12
online.fr,eugenisme,48
online.fr,genome,24
online.fr,FIV,4
online.fr,genes,118
online.fr,chretien,246
online.fr,brevets,78
online.fr,embryon,24
online.fr,clonage,30
online.fr,bayer,24
online.fr,transgenetique,30
online.fr,telethon,4
online.fr,vache_folle,232
online.fr,avortement,62
online.fr,bioethique,4
online.fr,souches,74
parti-du-plaisir.com,adn,11
parti-du-plaisir.com,genes,11
parti-du-plaisir.com,ogm,11
csa.fr,adn,10
csa.fr,genome,10
csa.fr,FIV,10
csa.fr,genes,40
csa.fr,chretien,38
csa.fr,brevets,10
csa.fr,embryon,40
csa.fr,clonage,10
csa.fr,vache_folle,10
csa.fr,avortement,10
csa.fr,souches,10
liberation.fr,adn,10
liberation.fr,FIV,17
liberation.fr,genes,33
liberation.fr,chretien,108
liberation.fr,brevets,35
liberation.fr,embryon,18
liberation.fr,clonage,28
liberation.fr,ogm,4
liberation.fr,bayer,10
liberation.fr,transgenetique,6
liberation.fr,vache_folle,87
liberation.fr,avortement,56
liberation.fr,bioethique,2
liberation.fr,souches,23
routard.com,adn,10
routard.com,FIV,25
routard.com,genes,124
routard.com,chretien,827
routard.com,brevets,44
routard.com,embryon,8
routard.com,clonage,7
routard.com,transgenetique,8
routard.com,vache_folle,290
routard.com,avortement,18
routard.com,souches,109
uzine.net,adn,10
uzine.net,eugenisme,6
uzine.net,genome,4
uzine.net,FIV,16
uzine.net,genes,94
uzine.net,chretien,24
uzine.net,brevets,124
uzine.net,embryon,36
uzine.net,clonage,28
uzine.net,ogm,2
uzine.net,bayer,2
uzine.net,transgenetique,12
uzine.net,telethon,2
uzine.net,vache_folle,116
uzine.net,avortement,42
uzine.net,bioethique,2
uzine.net,souches,16
cidem.org,adn,9
cidem.org,eugenisme,9
cidem.org,FIV,42
cidem.org,genes,87
cidem.org,chretien,153
cidem.org,brevets,54
cidem.org,embryon,9
cidem.org,clonage,27
cidem.org,ogm,30
cidem.org,transgenetique,9
cidem.org,vache_folle,45
cidem.org,avortement,72
cidem.org,bioethique,9
cidem.org,souches,18
ctanet.fr,adn,8
ctanet.fr,genes,32
ctanet.fr,brevets,16
ctanet.fr,embryon,8
ctanet.fr,ogm,4
ctanet.fr,bayer,8
ctanet.fr,transgenetique,12
ctanet.fr,vache_folle,48
ctanet.fr,souches,12
radikalweb.com,adn,8
radikalweb.com,genes,12
radikalweb.com,chretien,20
radikalweb.com,brevets,8
radikalweb.com,clonage,4
radikalweb.com,vache_folle,4
radikalweb.com,souches,32
unite-radicale.com,adn,8
unite-radicale.com,eugenisme,16
unite-radicale.com,FIV,40
unite-radicale.com,genes,74
unite-radicale.com,chretien,122
unite-radicale.com,brevets,18
unite-radicale.com,embryon,24
unite-radicale.com,clonage,24
unite-radicale.com,transgenetique,24
unite-radicale.com,telethon,8
unite-radicale.com,vache_folle,108
unite-radicale.com,avortement,64
unite-radicale.com,bioethique,4
unite-radicale.com,souches,100
france2.fr,adn,7
france2.fr,eugenisme,3
france2.fr,FIV,22
france2.fr,genes,65
france2.fr,chretien,49
france2.fr,brevets,19
france2.fr,embryon,4
france2.fr,clonage,5
france2.fr,telethon,76
france2.fr,vache_folle,19
france2.fr,avortement,17
france2.fr,bioethique,2
france2.fr,souches,23
club-internet.fr,adn,6
club-internet.fr,FIV,32
club-internet.fr,genes,26
club-internet.fr,chretien,8
club-internet.fr,brevets,46
club-internet.fr,embryon,4
club-internet.fr,vache_folle,46
club-internet.fr,souches,20
ifrance.com,adn,6
ifrance.com,FIV,2
ifrance.com,genes,30
ifrance.com,chretien,32
ifrance.com,brevets,2
ifrance.com,embryon,12
ifrance.com,clonage,6
ifrance.com,vache_folle,34
ifrance.com,avortement,11
ifrance.com,souches,8
boycottyes.com,adn,4
boycottyes.com,FIV,12
boycottyes.com,genes,20
boycottyes.com,chretien,12
boycottyes.com,brevets,16
boycottyes.com,embryon,12
boycottyes.com,clonage,14
boycottyes.com,ogm,8
boycottyes.com,vache_folle,14
boycottyes.com,avortement,8
boycottyes.com,bioethique,4
boycottyes.com,souches,8
democratie-continue.org,adn,4
democratie-continue.org,eugenisme,6
democratie-continue.org,genes,4906
democratie-continue.org,chretien,34
democratie-continue.org,embryon,16
democratie-continue.org,clonage,6
democratie-continue.org,vache_folle,14
democratie-continue.org,avortement,60
democratie-continue.org,bioethique,4892
elysee.fr,adn,4
elysee.fr,eugenisme,6
elysee.fr,genome,62
elysee.fr,FIV,29
elysee.fr,genes,116
elysee.fr,chretien,198
elysee.fr,brevets,102
elysee.fr,embryon,24
elysee.fr,clonage,47
elysee.fr,ogm,2
elysee.fr,telethon,2
elysee.fr,vache_folle,166
elysee.fr,bioethique,92
elysee.fr,souches,12
gldf.org,adn,4
gldf.org,genes,4
gldf.org,chretien,64
gldf.org,brevets,4
gldf.org,embryon,4
gldf.org,clonage,4
hoaxbuster.com,adn,4
hoaxbuster.com,genes,4
leparisien.com,adn,4
leparisien.com,FIV,6
leparisien.com,genes,20
leparisien.com,chretien,24
leparisien.com,embryon,18
leparisien.com,clonage,6
leparisien.com,vache_folle,136
leparisien.com,avortement,4
sos-racaille.org,adn,4
sos-racaille.org,genes,6
sos-racaille.org,chretien,10
sos-racaille.org,brevets,4
sos-racaille.org,clonage,2
sos-racaille.org,vache_folle,2
sos-racaille.org,souches,16
tiscali.fr,adn,4
tiscali.fr,FIV,10
tiscali.fr,genes,31
tiscali.fr,chretien,14
tiscali.fr,embryon,4
tiscali.fr,transgenetique,12
tiscali.fr,telethon,2
tiscali.fr,vache_folle,34
tiscali.fr,avortement,4
trdd.org,adn,4
trdd.org,eugenisme,250
trdd.org,genome,4
trdd.org,FIV,106
trdd.org,genes,48
trdd.org,chretien,64
trdd.org,brevets,4
trdd.org,embryon,68
trdd.org,clonage,20
trdd.org,transgenetique,16
trdd.org,vache_folle,24
trdd.org,avortement,274
trdd.org,bioethique,40
trdd.org,souches,20
approches-croisees.net,adn,3
approches-croisees.net,eugenisme,4
approches-croisees.net,FIV,2
approches-croisees.net,genes,4
approches-croisees.net,chretien,15
approches-croisees.net,brevets,10
approches-croisees.net,embryon,4
approches-croisees.net,clonage,2
approches-croisees.net,telethon,2
approches-croisees.net,vache_folle,6
approches-croisees.net,avortement,11
approches-croisees.net,bioethique,2
approches-croisees.net,souches,2
joueb.com,adn,3
joueb.com,genome,3
joueb.com,FIV,3
joueb.com,genes,6
joueb.com,chretien,12
joueb.com,brevets,3
joueb.com,clonage,6
joueb.com,vache_folle,9
joueb.com,souches,3
0plus0.com,adn,2
0plus0.com,FIV,10
0plus0.com,genes,146
0plus0.com,chretien,2
0plus0.com,brevets,2
0plus0.com,embryon,146
0plus0.com,clonage,146
0plus0.com,vache_folle,10
25lignes.org,adn,2
25lignes.org,FIV,4
25lignes.org,clonage,22
25lignes.org,vache_folle,18
25lignes.org,souches,2
issy.com,adn,2
issy.com,FIV,10
issy.com,chretien,36
issy.com,brevets,10
issy.com,clonage,2
issy.com,vache_folle,28
issy.com,avortement,2
issy.com,bioethique,10
issy.com,souches,2
lemonde.fr,adn,2
lemonde.fr,eugenisme,12
lemonde.fr,genome,12
lemonde.fr,FIV,28
lemonde.fr,genes,280
lemonde.fr,chretien,166
lemonde.fr,brevets,692
lemonde.fr,embryon,22
lemonde.fr,clonage,880
lemonde.fr,ogm,6
lemonde.fr,transgenetique,16
lemonde.fr,vache_folle,179
lemonde.fr,avortement,50
lemonde.fr,bioethique,30
lemonde.fr,souches,30
lentreprise.com,adn,2
lentreprise.com,FIV,24
lentreprise.com,genes,14
lentreprise.com,chretien,14
lentreprise.com,brevets,106
lentreprise.com,embryon,4
lentreprise.com,clonage,44
lentreprise.com,vache_folle,22
lentreprise.com,avortement,8
yahoo.com,adn,2
yahoo.com,brevets,8
yahoo.com,telethon,4
yahoo.com,vache_folle,12
yahoo.com,avortement,24
chiracvsjospin.com,eugenisme,180
chiracvsjospin.com,genes,737
chiracvsjospin.com,chretien,230
chiracvsjospin.com,vache_folle,477
chiracvsjospin.com,avortement,460
chiracvsjospin.com,souches,9
mpf-villiers.org,eugenisme,170
mpf-villiers.org,genome,80
mpf-villiers.org,FIV,174
mpf-villiers.org,genes,269
mpf-villiers.org,chretien,23
mpf-villiers.org,brevets,58
mpf-villiers.org,embryon,158
mpf-villiers.org,clonage,130
mpf-villiers.org,vache_folle,366
mpf-villiers.org,avortement,212
mpf-villiers.org,bioethique,208
mpf-villiers.org,souches,64
udf.org,eugenisme,125
udf.org,genome,99
udf.org,FIV,230
udf.org,genes,615
udf.org,chretien,706
udf.org,brevets,235
udf.org,embryon,420
udf.org,clonage,275
udf.org,ogm,42
udf.org,vache_folle,1099
udf.org,avortement,374
udf.org,bioethique,8091
udf.org,souches,126
m-n-r.com,eugenisme,101
m-n-r.com,genome,99
m-n-r.com,FIV,172
m-n-r.com,genes,384
m-n-r.com,chretien,1376
m-n-r.com,brevets,260
m-n-r.com,embryon,231
m-n-r.com,clonage,45
m-n-r.com,transgenetique,286
m-n-r.com,vache_folle,1606
m-n-r.com,avortement,900
m-n-r.com,souches,786
bruno-megret.com,eugenisme,62
bruno-megret.com,FIV,94
bruno-megret.com,chretien,173
bruno-megret.com,brevets,142
bruno-megret.com,embryon,47
bruno-megret.com,transgenetique,78
bruno-megret.com,vache_folle,78
bruno-megret.com,avortement,296
bruno-megret.com,souches,104
rpr.asso.fr,eugenisme,46
rpr.asso.fr,genome,17
rpr.asso.fr,FIV,53
rpr.asso.fr,genes,259
rpr.asso.fr,chretien,58
rpr.asso.fr,brevets,286
rpr.asso.fr,embryon,17
rpr.asso.fr,clonage,53
rpr.asso.fr,transgenetique,46
rpr.asso.fr,vache_folle,181
rpr.asso.fr,avortement,34
rpr.asso.fr,bioethique,97
jean-francoismattei.com,eugenisme,40
jean-francoismattei.com,genome,40
jean-francoismattei.com,FIV,82
jean-francoismattei.com,genes,1090
jean-francoismattei.com,brevets,1088
jean-francoismattei.com,embryon,86
jean-francoismattei.com,clonage,114
jean-francoismattei.com,vache_folle,70
jean-francoismattei.com,avortement,12
jean-francoismattei.com,bioethique,1090
jean-francoismattei.com,souches,22
bayrou.net,eugenisme,38
bayrou.net,genes,7187
bayrou.net,chretien,5974
bayrou.net,brevets,2823
bayrou.net,embryon,604
bayrou.net,clonage,486
bayrou.net,ogm,36
bayrou.net,vache_folle,8313
bayrou.net,avortement,2254
bayrou.net,bioethique,38
bayrou.net,souches,3568
mdc-france.org,eugenisme,33
mdc-france.org,genome,66
mdc-france.org,FIV,66
mdc-france.org,genes,195
mdc-france.org,brevets,339
mdc-france.org,embryon,78
mdc-france.org,clonage,99
mdc-france.org,vache_folle,336
mdc-france.org,avortement,99
mdc-france.org,bioethique,78
mdc-france.org,souches,119
lapolitique.com,eugenisme,32
lapolitique.com,genome,17
lapolitique.com,FIV,219
lapolitique.com,genes,85
lapolitique.com,chretien,202
lapolitique.com,brevets,270
lapolitique.com,embryon,51
lapolitique.com,clonage,50
lapolitique.com,bayer,51
lapolitique.com,vache_folle,709
lapolitique.com,avortement,221
lapolitique.com,bioethique,988
lapolitique.com,souches,76
ornitho.org,eugenisme,24
ornitho.org,genes,36
ornitho.org,chretien,48
ornitho.org,brevets,36
ornitho.org,clonage,24
ornitho.org,vache_folle,12
ornitho.org,avortement,48
ornitho.org,souches,72
lafrancehumaine.net,eugenisme,19
lafrancehumaine.net,genes,2486
lafrancehumaine.net,chretien,1730
lafrancehumaine.net,brevets,1025
lafrancehumaine.net,embryon,186
lafrancehumaine.net,vache_folle,3092
lafrancehumaine.net,avortement,686
lafrancehumaine.net,bioethique,19
lafrancehumaine.net,souches,1244
cef.fr,eugenisme,18
cef.fr,genome,10
cef.fr,FIV,71
cef.fr,genes,83
cef.fr,chretien,6662
cef.fr,brevets,4
cef.fr,embryon,127
cef.fr,clonage,61
cef.fr,ogm,4
cef.fr,telethon,8
cef.fr,vache_folle,24
cef.fr,avortement,126
cef.fr,bioethique,350
cef.fr,souches,45
prochoix.org,eugenisme,14
prochoix.org,FIV,26
prochoix.org,genes,56
prochoix.org,chretien,160
prochoix.org,brevets,40
prochoix.org,embryon,32
prochoix.org,clonage,6
prochoix.org,bayer,6
prochoix.org,transgenetique,8
prochoix.org,vache_folle,26
prochoix.org,avortement,458
prochoix.org,bioethique,62
prochoix.org,souches,16
voila.fr,eugenisme,14
voila.fr,FIV,32
voila.fr,genes,80
voila.fr,chretien,32
voila.fr,brevets,23
voila.fr,embryon,58
voila.fr,clonage,52
voila.fr,transgenetique,8
voila.fr,vache_folle,74
voila.fr,avortement,92
voila.fr,bioethique,38
voila.fr,souches,20
tf1.fr,eugenisme,12
tf1.fr,genes,58
tf1.fr,chretien,14
tf1.fr,brevets,24
tf1.fr,embryon,12
tf1.fr,transgenetique,12
tf1.fr,vache_folle,2
tf1.fr,avortement,16
tf1.fr,bioethique,10
tf1.fr,souches,8
ac-rouen.fr,eugenisme,10
ac-rouen.fr,genes,4
ac-rouen.fr,chretien,38
ac-rouen.fr,clonage,22
ac-rouen.fr,vache_folle,6
ac-rouen.fr,avortement,6
ac-rouen.fr,bioethique,18
ac-rouen.fr,souches,4
latribune.fr,eugenisme,8
latribune.fr,FIV,8
latribune.fr,genes,94
latribune.fr,chretien,23
latribune.fr,brevets,71
latribune.fr,embryon,21
latribune.fr,clonage,26
latribune.fr,ogm,8
latribune.fr,transgenetique,6
latribune.fr,telethon,10
latribune.fr,vache_folle,158
latribune.fr,avortement,6
latribune.fr,bioethique,22
plagnol.org,eugenisme,8
plagnol.org,genome,20
plagnol.org,FIV,8
plagnol.org,genes,20
plagnol.org,brevets,8
plagnol.org,embryon,8
plagnol.org,clonage,8
plagnol.org,bioethique,28
amaurynardone.net,eugenisme,6
amaurynardone.net,FIV,12
amaurynardone.net,chretien,6
amaurynardone.net,embryon,6
libres.org,eugenisme,6
libres.org,FIV,4
libres.org,genes,16
libres.org,chretien,26
libres.org,brevets,18
libres.org,embryon,6
libres.org,clonage,6
libres.org,ogm,4
libres.org,transgenetique,6
libres.org,vache_folle,14
libres.org,avortement,30
libres.org,bioethique,2
sitelibre.com,eugenisme,6
sitelibre.com,chretien,6
sitelibre.com,vache_folle,18
sitelibre.com,avortement,6
cgt.fr,eugenisme,4
cgt.fr,genome,20
cgt.fr,genes,40
cgt.fr,brevets,24
cgt.fr,embryon,6
cgt.fr,bayer,4
cgt.fr,telethon,20
cgt.fr,vache_folle,52
cgt.fr,avortement,20
cgt.fr,bioethique,4
chez.com,eugenisme,4
chez.com,FIV,8
chez.com,genes,59
chez.com,chretien,82
chez.com,brevets,12
chez.com,embryon,8
chez.com,clonage,8
chez.com,transgenetique,27
chez.com,vache_folle,44
chez.com,avortement,28
chez.com,bioethique,12
chez.com,souches,8
geocities.com,eugenisme,4
geocities.com,genes,20
geocities.com,chretien,24
geocities.com,brevets,20
geocities.com,embryon,12
geocities.com,clonage,12
geocities.com,transgenetique,12
geocities.com,vache_folle,4
geocities.com,avortement,24
geocities.com,souches,8
rajf.org,eugenisme,4
rajf.org,genome,4
rajf.org,FIV,6
rajf.org,genes,10
rajf.org,chretien,4
rajf.org,brevets,6
rajf.org,embryon,10
rajf.org,clonage,6
rajf.org,ogm,2
rajf.org,bayer,2
rajf.org,vache_folle,4
rajf.org,avortement,10
rajf.org,bioethique,10
rajf.org,souches,2
lexpress.fr,eugenisme,3
lexpress.fr,genome,5
lexpress.fr,FIV,17
lexpress.fr,genes,28
lexpress.fr,chretien,30
lexpress.fr,brevets,23
lexpress.fr,vache_folle,88
lexpress.fr,avortement,36
lexpress.fr,bioethique,6
fmd.asso.fr,eugenisme,2
fmd.asso.fr,vache_folle,6
lepoint.fr,eugenisme,2
lepoint.fr,chretien,2
lepoint.fr,vache_folle,4
lepoint.fr,avortement,2
lepoint.fr,bioethique,2
national-hebdo.com,eugenisme,2
national-hebdo.com,FIV,10
national-hebdo.com,genes,58
national-hebdo.com,chretien,232
national-hebdo.com,brevets,20
national-hebdo.com,embryon,8
national-hebdo.com,clonage,8
national-hebdo.com,ogm,16
national-hebdo.com,transgenetique,16
national-hebdo.com,vache_folle,126
national-hebdo.com,avortement,20
national-hebdo.com,bioethique,2
national-hebdo.com,souches,48
oxymore.com,eugenisme,2
oxymore.com,FIV,2
oxymore.com,genes,2
oxymore.com,chretien,2
oxymore.com,clonage,4
oxymore.com,vache_folle,8
oxymore.com,avortement,8
oxymore.com,souches,22
professionpolitique.com,eugenisme,2
professionpolitique.com,genome,20
professionpolitique.com,FIV,62
professionpolitique.com,genes,205
professionpolitique.com,chretien,77
professionpolitique.com,brevets,131
professionpolitique.com,embryon,27
professionpolitique.com,clonage,38
professionpolitique.com,transgenetique,9
professionpolitique.com,telethon,11
professionpolitique.com,vache_folle,146
professionpolitique.com,avortement,50
professionpolitique.com,bioethique,78
professionpolitique.com,souches,10
roger-mei.org,eugenisme,2
roger-mei.org,genome,12
roger-mei.org,FIV,10
roger-mei.org,genes,14
roger-mei.org,chretien,2
roger-mei.org,brevets,18
roger-mei.org,embryon,8
roger-mei.org,clonage,6
roger-mei.org,transgenetique,2
roger-mei.org,vache_folle,4
roger-mei.org,bioethique,30
roger-mei.org,souches,4
scrutins.net,eugenisme,2
scrutins.net,genome,2
scrutins.net,FIV,16
scrutins.net,genes,6
scrutins.net,chretien,42
scrutins.net,brevets,4
scrutins.net,embryon,2
scrutins.net,clonage,2
scrutins.net,vache_folle,6
scrutins.net,avortement,4
scrutins.net,bioethique,4
lioneljospin.net,genome,657
lioneljospin.net,genes,765
lioneljospin.net,chretien,494
lioneljospin.net,brevets,462
lioneljospin.net,embryon,233
lioneljospin.net,telethon,777
lioneljospin.net,vache_folle,723
lioneljospin.net,avortement,59
lioneljospin.net,bioethique,193
lioneljospin.net,souches,38
spiegel.de,genome,212
spiegel.de,FIV,2
spiegel.de,genes,2
spiegel.de,embryon,6
spiegel.de,bayer,12
independent.co.uk,genome,156
independent.co.uk,genes,1237
independent.co.uk,embryon,14
independent.co.uk,clonage,212
independent.co.uk,bayer,14
independent.co.uk,transgenetique,42
independent.co.uk,vache_folle,16
auxurnescitoyens.com,genome,94
auxurnescitoyens.com,chretien,332
auxurnescitoyens.com,telethon,5
roberthue2002.net,genome,89
roberthue2002.net,FIV,127
roberthue2002.net,genes,284
roberthue2002.net,chretien,193
roberthue2002.net,brevets,337
roberthue2002.net,embryon,139
roberthue2002.net,clonage,369
roberthue2002.net,telethon,40
roberthue2002.net,vache_folle,315
roberthue2002.net,avortement,94
roberthue2002.net,bioethique,561
roberthue2002.net,souches,74
corriere.it,genome,84
corriere.it,FIV,9
corriere.it,genes,68
corriere.it,chretien,16
corriere.it,brevets,74
corriere.it,clonage,73
corriere.it,bayer,4
corriere.it,transgenetique,30
corriere.it,vache_folle,146
parti-socialiste.fr,genome,76
parti-socialiste.fr,FIV,120
parti-socialiste.fr,genes,6186
parti-socialiste.fr,chretien,5288
parti-socialiste.fr,brevets,5874
parti-socialiste.fr,embryon,256
parti-socialiste.fr,clonage,776
parti-socialiste.fr,transgenetique,204
parti-socialiste.fr,telethon,391
parti-socialiste.fr,vache_folle,3945
parti-socialiste.fr,avortement,9042
parti-socialiste.fr,bioethique,254
parti-socialiste.fr,souches,232
corinne-lepage.com,genome,70
corinne-lepage.com,genes,702
corinne-lepage.com,chretien,68
corinne-lepage.com,brevets,578
corinne-lepage.com,embryon,38
corinne-lepage.com,clonage,110
corinne-lepage.com,ogm,39
corinne-lepage.com,transgenetique,179
corinne-lepage.com,vache_folle,1046
corinne-lepage.com,avortement,35
corinne-lepage.com,bioethique,35
corinne-lepage.com,souches,72
skynet.be,genome,64
skynet.be,FIV,56
skynet.be,genes,28
skynet.be,chretien,676
skynet.be,brevets,28
skynet.be,clonage,30
skynet.be,transgenetique,10
skynet.be,vache_folle,78
skynet.be,avortement,42
skynet.be,bioethique,2
skynet.be,souches,358
olivierbesancenot.org,genome,48
olivierbesancenot.org,genes,176
olivierbesancenot.org,chretien,70
olivierbesancenot.org,brevets,216
olivierbesancenot.org,clonage,64
olivierbesancenot.org,ogm,32
olivierbesancenot.org,transgenetique,64
olivierbesancenot.org,vache_folle,220
olivierbesancenot.org,avortement,192
olivierbesancenot.org,souches,56
sueddeutsche.de,genome,44
sueddeutsche.de,genes,5
sueddeutsche.de,embryon,138
sueddeutsche.de,bayer,40
sueddeutsche.de,vache_folle,5
nouvelledonne.net,genome,40
nouvelledonne.net,genes,44
nouvelledonne.net,chretien,28
nouvelledonne.net,brevets,60
nouvelledonne.net,embryon,32
nouvelledonne.net,vache_folle,16
nouvelledonne.net,avortement,28
planeteradicale.org,genome,36
planeteradicale.org,FIV,142
planeteradicale.org,genes,374
planeteradicale.org,chretien,600
planeteradicale.org,brevets,174
planeteradicale.org,embryon,444
planeteradicale.org,clonage,240
planeteradicale.org,transgenetique,67
planeteradicale.org,vache_folle,269
planeteradicale.org,avortement,323
planeteradicale.org,bioethique,255
planeteradicale.org,souches,111
2002enseignement-recherche.net,genome,27
2002enseignement-recherche.net,genes,38
2002enseignement-recherche.net,brevets,30
2002enseignement-recherche.net,telethon,32
2002enseignement-recherche.net,vache_folle,38
2002enseignement-recherche.net,bioethique,38
christianetaubira.org,genome,24
christianetaubira.org,FIV,92
christianetaubira.org,genes,214
christianetaubira.org,chretien,359
christianetaubira.org,brevets,96
christianetaubira.org,embryon,269
christianetaubira.org,clonage,142
christianetaubira.org,transgenetique,44
christianetaubira.org,vache_folle,167
christianetaubira.org,avortement,223
christianetaubira.org,bioethique,157
christianetaubira.org,souches,71
aschieri.net,genome,20
aschieri.net,FIV,10
aschieri.net,genes,143
aschieri.net,chretien,10
aschieri.net,brevets,72
aschieri.net,embryon,20
aschieri.net,clonage,10
aschieri.net,ogm,10
aschieri.net,transgenetique,21
aschieri.net,vache_folle,132
aschieri.net,avortement,10
aschieri.net,bioethique,30
aschieri.net,souches,10
expression-publique.com,genome,18
expression-publique.com,brevets,3
expression-publique.com,embryon,18
expression-publique.com,clonage,18
expression-publique.com,bioethique,18
sclerose-en-plaques.com.fr,genome,12
sclerose-en-plaques.com.fr,FIV,4
sclerose-en-plaques.com.fr,genes,56
sclerose-en-plaques.com.fr,brevets,4
sclerose-en-plaques.com.fr,clonage,12
sclerose-en-plaques.com.fr,telethon,4
sclerose-en-plaques.com.fr,vache_folle,4
herve-morin.net,genome,8
herve-morin.net,genes,8
herve-morin.net,brevets,16
herve-morin.net,clonage,4
herve-morin.net,vache_folle,140
herve-morin.net,avortement,12
nrc.nl,genome,8
alternatifs.org,genome,6
alternatifs.org,FIV,6
alternatifs.org,genes,60
alternatifs.org,chretien,51
alternatifs.org,brevets,24
alternatifs.org,clonage,18
alternatifs.org,transgenetique,12
alternatifs.org,vache_folle,60
alternatifs.org,avortement,18
alternatifs.org,souches,6
hellier2002.com,genome,6
hellier2002.com,FIV,6
hellier2002.com,genes,12
hellier2002.com,brevets,12
hellier2002.com,embryon,6
hellier2002.com,clonage,6
hellier2002.com,ogm,6
hellier2002.com,vache_folle,12
hellier2002.com,bioethique,18
hellier2002.com,souches,6
nzz.ch,genome,6
nzz.ch,vache_folle,2
laurent-dominati.net,genome,5
laurent-dominati.net,FIV,13
laurent-dominati.net,genes,5
laurent-dominati.net,chretien,37
laurent-dominati.net,brevets,21
laurent-dominati.net,embryon,18
laurent-dominati.net,ogm,5
laurent-dominati.net,telethon,8
laurent-dominati.net,vache_folle,34
laurent-dominati.net,bioethique,5
lemulot.com,genome,5
lemulot.com,FIV,15
lemulot.com,genes,35
lemulot.com,chretien,34
lemulot.com,brevets,51
lemulot.com,embryon,5
lemulot.com,clonage,85
lemulot.com,transgenetique,5
lemulot.com,telethon,10
lemulot.com,vache_folle,32
lemulot.com,avortement,15
lemulot.com,bioethique,10
lemulot.com,souches,12
ps-paris15mitterrand.org,genome,5
ps-paris15mitterrand.org,genes,8
ps-paris15mitterrand.org,chretien,13
ps-paris15mitterrand.org,brevets,10
ps-paris15mitterrand.org,embryon,8
ps-paris15mitterrand.org,clonage,10
ps-paris15mitterrand.org,vache_folle,11
ps-paris15mitterrand.org,avortement,5
ps-paris15mitterrand.org,bioethique,20
ajc.net,genome,4
ajc.net,FIV,12
ajc.net,genes,28
ajc.net,chretien,28
ajc.net,brevets,44
ajc.net,embryon,4
ajc.net,clonage,68
ajc.net,transgenetique,4
ajc.net,telethon,8
ajc.net,vache_folle,32
ajc.net,avortement,12
ajc.net,bioethique,8
ajc.net,souches,12
andre-gerin-depute.net,genome,4
andre-gerin-depute.net,FIV,4
andre-gerin-depute.net,genes,12
andre-gerin-depute.net,brevets,28
andre-gerin-depute.net,embryon,4
andre-gerin-depute.net,clonage,4
andre-gerin-depute.net,bayer,12
andre-gerin-depute.net,vache_folle,24
andre-gerin-depute.net,bioethique,12
andre-gerin-depute.net,souches,4
davidlorion.net,genome,4
davidlorion.net,genes,4
davidlorion.net,chretien,12
davidlorion.net,clonage,4
fromion.org,genome,4
fromion.org,FIV,4
fromion.org,genes,8
fromion.org,clonage,4
fromion.org,vache_folle,16
fromion.org,souches,4
prg-2b.org,genome,4
prg-2b.org,chretien,8
prg-2b.org,brevets,8
prg-2b.org,embryon,12
prg-2b.org,telethon,4
prg-2b.org,vache_folle,8
emmanuelle-prouet.org,genome,3
emmanuelle-prouet.org,FIV,3
emmanuelle-prouet.org,genes,3
emmanuelle-prouet.org,brevets,3
emmanuelle-prouet.org,embryon,3
emmanuelle-prouet.org,clonage,3
emmanuelle-prouet.org,vache_folle,3
emmanuelle-prouet.org,bioethique,9
emmanuelle-prouet.org,souches,3
2002pourlafrance.net,genome,2
2002pourlafrance.net,genes,449
2002pourlafrance.net,chretien,430
2002pourlafrance.net,brevets,54
2002pourlafrance.net,clonage,24
2002pourlafrance.net,transgenetique,2
2002pourlafrance.net,telethon,6
2002pourlafrance.net,vache_folle,754
2002pourlafrance.net,avortement,130
2002pourlafrance.net,bioethique,4
2002pourlafrance.net,souches,142
ambafrance-il.org,genome,2
ambafrance-il.org,genes,16
ambafrance-il.org,chretien,62
ambafrance-il.org,brevets,4
ambafrance-il.org,embryon,8
ambafrance-il.org,clonage,4
ambafrance-il.org,ogm,2
ambafrance-il.org,bayer,2
ambafrance-il.org,vache_folle,18
ambafrance-il.org,avortement,16
ambafrance-il.org,souches,2
bilanchirac.net,genome,2
bilanchirac.net,FIV,2
bilanchirac.net,genes,2
bilanchirac.net,chretien,44
bilanchirac.net,brevets,9
bilanchirac.net,embryon,8
bilanchirac.net,transgenetique,9
bilanchirac.net,vache_folle,53
bilanchirac.net,avortement,21
bilanchirac.net,souches,2
pcf-rhone.net,genome,2
pcf-rhone.net,FIV,2
pcf-rhone.net,genes,6
pcf-rhone.net,chretien,8
pcf-rhone.net,brevets,2
pcf-rhone.net,embryon,2
pcf-rhone.net,clonage,2
pcf-rhone.net,ogm,2
pcf-rhone.net,vache_folle,6
pcf-rhone.net,avortement,4
ps-nord.org,genome,2
ps-nord.org,brevets,4
ps-nord.org,vache_folle,8
ps-nord.org,bioethique,2
voxlatina.com,genome,2
voxlatina.com,FIV,4
voxlatina.com,genes,8
voxlatina.com,chretien,14
voxlatina.com,brevets,80
voxlatina.com,embryon,4
voxlatina.com,clonage,2
voxlatina.com,ogm,2
voxlatina.com,transgenetique,2
voxlatina.com,vache_folle,2
voxlatina.com,avortement,4
voxlatina.com,souches,4
welt.de,genome,2
daniel-lebigot.net,genome,1
daniel-lebigot.net,brevets,1
e1789.com,FIV,182
e1789.com,genes,1741
e1789.com,chretien,976
e1789.com,brevets,18
e1789.com,embryon,132
e1789.com,clonage,3283
e1789.com,telethon,72
e1789.com,vache_folle,1645
e1789.com,avortement,917
e1789.com,bioethique,274
e1789.com,souches,505
voixdujura.fr,FIV,104
voixdujura.fr,genes,60
voixdujura.fr,chretien,17052
voixdujura.fr,brevets,172
voixdujura.fr,embryon,42
voixdujura.fr,clonage,34
voixdujura.fr,transgenetique,2
voixdujura.fr,telethon,116
voixdujura.fr,vache_folle,858
voixdujura.fr,avortement,12
voixdujura.fr,souches,72
ipsos.fr,FIV,63
ipsos.fr,genes,162
ipsos.fr,chretien,104
ipsos.fr,brevets,26
ipsos.fr,clonage,52
ipsos.fr,ogm,19
ipsos.fr,vache_folle,117
ipsos.fr,avortement,26
place-publique.fr,FIV,52
place-publique.fr,genes,174
place-publique.fr,chretien,196
place-publique.fr,brevets,158
place-publique.fr,embryon,56
place-publique.fr,clonage,12
place-publique.fr,transgenetique,28
place-publique.fr,telethon,24
place-publique.fr,vache_folle,70
place-publique.fr,avortement,40
place-publique.fr,souches,10
interieur.gouv.fr,FIV,50
interieur.gouv.fr,genes,44
interieur.gouv.fr,chretien,50
interieur.gouv.fr,brevets,81
interieur.gouv.fr,bayer,30
interieur.gouv.fr,vache_folle,70
infoceane.com,FIV,44
infoceane.com,genes,14
infoceane.com,chretien,14
infoceane.com,brevets,28
infoceane.com,vache_folle,14
politique-opinion.com,FIV,43
politique-opinion.com,vache_folle,2
net-campagne.net,FIV,42
net-campagne.net,genes,27
net-campagne.net,chretien,22
net-campagne.net,brevets,34
net-campagne.net,embryon,27
net-campagne.net,clonage,4
net-campagne.net,vache_folle,25
net-campagne.net,avortement,38
net-campagne.net,souches,27
service-public.fr,FIV,32
service-public.fr,genes,42
service-public.fr,brevets,32
service-public.fr,embryon,16
service-public.fr,clonage,16
service-public.fr,vache_folle,32
service-public.fr,bioethique,16
ternova.com,FIV,30
ternova.com,chretien,104
libanvision.com,FIV,28
libanvision.com,chretien,64
libanvision.com,brevets,7
libanvision.com,vache_folle,14
libanvision.com,avortement,14
libanvision.com,bioethique,7
oumma.com,FIV,28
oumma.com,genes,10
oumma.com,chretien,182
oumma.com,brevets,2
oumma.com,embryon,40
oumma.com,clonage,4
oumma.com,vache_folle,38
oumma.com,avortement,4
oumma.com,bioethique,2
oumma.com,souches,20
lavoixdunord.fr,FIV,24
lavoixdunord.fr,genes,16
lavoixdunord.fr,chretien,12
lavoixdunord.fr,brevets,12
lavoixdunord.fr,embryon,8
lavoixdunord.fr,clonage,12
lavoixdunord.fr,transgenetique,4
lavoixdunord.fr,vache_folle,20
lavoixdunord.fr,avortement,12
lavoixdunord.fr,bioethique,20
lavoixdunord.fr,souches,4
patrickbloche.org,FIV,24
patrickbloche.org,chretien,40
patrickbloche.org,embryon,8
patrickbloche.org,souches,40
cnip.asso.fr,FIV,17
gayaube.com,FIV,16
gayaube.com,genes,8
gayaube.com,chretien,20
gayaube.com,brevets,2
gayaube.com,clonage,4
gayaube.com,vache_folle,60
gayaube.com,bioethique,4
lejsl.com,FIV,16
lejsl.com,chretien,4
abc-politique.com,FIV,15
abc-politique.com,chretien,31
abc-politique.com,brevets,30
abc-politique.com,embryon,15
abc-politique.com,vache_folle,45
abc-politique.com,avortement,61
abc-politique.com,bioethique,15
lesmauves.org,FIV,14
lesmauves.org,chretien,42
lesmauves.org,clonage,14
lesmauves.org,vache_folle,14
lesmauves.org,avortement,14
lesmauves.org,bioethique,28
bilanjospin.com,FIV,12
bilanjospin.com,chretien,17
bilanjospin.com,brevets,17
bilanjospin.com,transgenetique,17
bilanjospin.com,vache_folle,68
bilanjospin.com,avortement,17
francaix-michel.nom.fr,FIV,12
francaix-michel.nom.fr,genes,8
francaix-michel.nom.fr,chretien,72
francaix-michel.nom.fr,embryon,8
francaix-michel.nom.fr,clonage,16
francaix-michel.nom.fr,telethon,48
francaix-michel.nom.fr,vache_folle,24
francaix-michel.nom.fr,bioethique,16
pslegislativeneuillyputeaux.com,FIV,12
pslegislativeneuillyputeaux.com,brevets,12
pslegislativeneuillyputeaux.com,vache_folle,12
tetu.com,FIV,12
tetu.com,genes,12
tetu.com,chretien,68
tetu.com,brevets,8
tetu.com,clonage,4
tetu.com,bayer,4
tetu.com,transgenetique,40
tetu.com,vache_folle,12
tetu.com,avortement,26
tetu.com,souches,4
versdemain.com,FIV,12
versdemain.com,chretien,28
versdemain.com,clonage,20
versdemain.com,vache_folle,68
versdemain.com,avortement,12
lautre.net,FIV,10
lautre.net,genes,2
lautre.net,brevets,12
lautre.net,transgenetique,12
lautre.net,vache_folle,12
lautre.net,avortement,30
clicanoo.com,FIV,9
clicanoo.com,genes,7
clicanoo.com,chretien,226
clicanoo.com,brevets,10
clicanoo.com,embryon,7
clicanoo.com,clonage,2
clicanoo.com,vache_folle,16
clicanoo.com,avortement,12
clicanoo.com,souches,6
81.80.37.164,FIV,8
citoyen95.org,FIV,8
citoyen95.org,genes,8
citoyen95.org,transgenetique,8
fcpe.asso.fr,FIV,8
fcpe.asso.fr,genes,4
fcpe.asso.fr,chretien,4
fcpe.asso.fr,brevets,32
fcpe.asso.fr,telethon,4
fcpe.asso.fr,vache_folle,4
fnmr.asso.fr,FIV,8
fnmr.asso.fr,genes,8
fnmr.asso.fr,chretien,4
fnmr.asso.fr,vache_folle,25
jpblazy-depute.org,FIV,8
jpblazy-depute.org,genes,8
jpblazy-depute.org,chretien,24
jpblazy-depute.org,brevets,12
jpblazy-depute.org,vache_folle,8
jpblazy-depute.org,souches,24
mathieu-obadia.info,FIV,8
mathieu-obadia.info,genes,8
mathieu-obadia.info,chretien,9
mathieu-obadia.info,brevets,8
mathieu-obadia.info,embryon,8
mathieu-obadia.info,clonage,8
mathieu-obadia.info,avortement,8
mathieu-obadia.info,bioethique,8
qrd.org,FIV,8
qrd.org,genes,22
qrd.org,chretien,58
qrd.org,brevets,4
qrd.org,embryon,18
qrd.org,transgenetique,24
qrd.org,vache_folle,10
qrd.org,avortement,20
leparisien.fr,FIV,7
leparisien.fr,chretien,15
leparisien.fr,embryon,25
leparisien.fr,clonage,15
leparisien.fr,telethon,5
leparisien.fr,vache_folle,30
leparisien.fr,avortement,10
leparisien.fr,souches,5
aricia.fr,FIV,6
aricia.fr,genes,10
aricia.fr,brevets,10
aricia.fr,vache_folle,41
courrier-picard.fr,FIV,6
courrier-picard.fr,genes,2
courrier-picard.fr,chretien,98
courrier-picard.fr,brevets,2
isabelle-galesne.net,FIV,6
isabelle-galesne.net,genes,2
isabelle-galesne.net,brevets,2
isabelle-galesne.net,clonage,2
isabelle-galesne.net,bioethique,2
isabelledehouck.com,FIV,6
isabelledehouck.com,genes,6
isabelledehouck.com,embryon,6
isabelledehouck.com,clonage,6
isabelledehouck.com,bioethique,12
isabelledehouck.com,souches,6
lesbeursavecchirac.com,FIV,6
lesbeursavecchirac.com,genes,8
lesbeursavecchirac.com,chretien,8
lesbleus-gemarseille.com,FIV,6
lesbleus-gemarseille.com,genes,28
lesbleus-gemarseille.com,brevets,6
lesbleus-gemarseille.com,clonage,12
lesbleus-gemarseille.com,bioethique,6
mnr-sartrouville.com,FIV,6
mnr-sartrouville.com,souches,8
agitateur.org,FIV,5
agitateur.org,genes,27
agitateur.org,chretien,12
agitateur.org,brevets,33
agitateur.org,clonage,6
agitateur.org,transgenetique,10
agitateur.org,vache_folle,40
aol.fr,FIV,4
aol.fr,chretien,10
aol.fr,brevets,4
aol.fr,vache_folle,8
bienpublic.com,FIV,4
bienpublic.com,vache_folle,10
bizland.com,FIV,4
bizland.com,genes,12
bizland.com,chretien,16
bizland.com,clonage,4
bizland.com,souches,20
cahiers-pedagogiques.com,FIV,4
cahiers-pedagogiques.com,genes,6
cahiers-pedagogiques.com,chretien,10
cahiers-pedagogiques.com,brevets,16
cahiers-pedagogiques.com,embryon,2
cahiers-pedagogiques.com,clonage,6
cahiers-pedagogiques.com,vache_folle,6
cahiers-pedagogiques.com,avortement,4
cahiers-pedagogiques.com,bioethique,2
cahiers-pedagogiques.com,souches,2
caullet.net,FIV,4
caullet.net,genes,6
caullet.net,brevets,2
caullet.net,embryon,2
caullet.net,clonage,2
caullet.net,vache_folle,36
caullet.net,avortement,2
caullet.net,bioethique,2
caullet.net,souches,2
conscience-politique.org,FIV,4
conscience-politique.org,vache_folle,81
conscience-politique.org,souches,16
lesechos.fr,FIV,4
lesechos.fr,genes,13
lesechos.fr,chretien,2
lesechos.fr,brevets,39
lesechos.fr,clonage,18
lesechos.fr,vache_folle,64
lesechos.fr,avortement,16
lesechos.fr,bioethique,26
lexpress.presse.fr,FIV,4
lexpress.presse.fr,genes,4
lexpress.presse.fr,chretien,4
lexpress.presse.fr,vache_folle,4
lexpress.presse.fr,souches,8
lutte-ouvriere-centre.org,FIV,4
lutte-ouvriere-centre.org,vache_folle,4
lutte-ouvriere.org,FIV,4
lutte-ouvriere.org,genes,33
lutte-ouvriere.org,chretien,92
lutte-ouvriere.org,brevets,4
lutte-ouvriere.org,ogm,33
lutte-ouvriere.org,bayer,10
lutte-ouvriere.org,telethon,33
lutte-ouvriere.org,vache_folle,259
perben.com,FIV,4
tony-dreyfus.org,FIV,4
tony-dreyfus.org,genes,4
tony-dreyfus.org,clonage,4
tony-dreyfus.org,bioethique,4
uni.asso.fr,FIV,4
uni.asso.fr,brevets,4
uni.asso.fr,vache_folle,8
uni.asso.fr,avortement,2
uni.asso.fr,bioethique,4
homme-moderne.org,FIV,3
homme-moderne.org,genes,5
homme-moderne.org,chretien,2
homme-moderne.org,embryon,2
homme-moderne.org,vache_folle,7
homme-moderne.org,souches,3
cplus.fr,FIV,2
dualpha.com,FIV,2
dualpha.com,chretien,19
dualpha.com,clonage,2
dualpha.com,vache_folle,16
dualpha.com,souches,5
figaro.net,FIV,2
figaro.net,genes,10
figaro.net,chretien,73
figaro.net,brevets,2
figaro.net,embryon,12
figaro.net,clonage,16
figaro.net,vache_folle,38
figaro.net,avortement,16
figaro.net,bioethique,5
francetv.fr,FIV,2
francetv.fr,genes,10
francetv.fr,chretien,15
francetv.fr,brevets,4
francetv.fr,clonage,2
francetv.fr,bayer,20
francetv.fr,transgenetique,4
francetv.fr,telethon,14
francetv.fr,vache_folle,7
francetv.fr,avortement,6
francetv.fr,bioethique,2
gay.com,FIV,2
gay.com,chretien,6
globenet.org,FIV,2
globenet.org,genes,4
globenet.org,chretien,6
globenet.org,transgenetique,2
globenet.org,vache_folle,16
godfrain.net,FIV,2
godfrain.net,chretien,2
jean-marc-nesme.com,FIV,2
jean-marc-nesme.com,genes,2
jean-marc-nesme.com,clonage,2
jean-marc-nesme.com,vache_folle,2
jean-marc-nesme.com,bioethique,2
legislativesps69.org,FIV,2
legislativesps69.org,genes,9
legislativesps69.org,chretien,9
legislativesps69.org,clonage,2
legislativesps69.org,vache_folle,2
legislativesps69.org,bioethique,2
legislativesps69.org,souches,7
midilibre.com,FIV,2
midilibre.com,genes,14
midilibre.com,chretien,26
midilibre.com,clonage,14
midilibre.com,vache_folle,62
midilibre.com,avortement,20
midilibre.com,souches,28
mjwiemert2002.net,FIV,2
mjwiemert2002.net,genes,2
mjwiemert2002.net,embryon,2
mjwiemert2002.net,clonage,2
mjwiemert2002.net,vache_folle,2
mjwiemert2002.net,bioethique,2
mjwiemert2002.net,souches,2
nonalahaine.net,FIV,2
nonalahaine.net,genes,2
nonalahaine.net,chretien,10
nonalahaine.net,brevets,2
nonalahaine.net,embryon,2
nonalahaine.net,clonage,2
nonalahaine.net,vache_folle,106
nonalahaine.net,avortement,10
nouvelobs.com,FIV,2
nouvelobs.com,genes,8
nouvelobs.com,chretien,14
nouvelobs.com,clonage,6
nouvelobs.com,telethon,2
nouvelobs.com,vache_folle,28
nouvelobs.com,avortement,6
nouvelobs.com,souches,40
uniondesvictimesdeletat.com,FIV,2
uniondesvictimesdeletat.com,genes,2
uniondesvictimesdeletat.com,clonage,2
uniondesvictimesdeletat.com,transgenetique,2
uniondesvictimesdeletat.com,vache_folle,2
uniondesvictimesdeletat.com,avortement,4
uniondesvictimesdeletat.com,bioethique,2
verts87.org,FIV,2
verts87.org,chretien,2
verts87.org,brevets,2
lepen.tv,FIV,1
lepen.tv,genes,2
lepen.tv,brevets,3
lepen.tv,vache_folle,3
lepen.tv,avortement,1
pierre-albertini.com,FIV,1
pierre-albertini.com,clonage,4
pierre-albertini.com,vache_folle,1
pierre-albertini.com,bioethique,3
scolanet.org,FIV,1
scolanet.org,chretien,3
puzzletfactory.com,genes,446
puzzletfactory.com,chretien,8
puzzletfactory.com,vache_folle,114
electionsverts.org,genes,104
electionsverts.org,brevets,104
electionsverts.org,embryon,52
electionsverts.org,clonage,52
electionsverts.org,transgenetique,26
electionsverts.org,vache_folle,126
electionsverts.org,souches,26
csa-tmo.fr,genes,90
csa-tmo.fr,chretien,75
csa-tmo.fr,embryon,30
csa-tmo.fr,clonage,15
csa-tmo.fr,transgenetique,30
csa-tmo.fr,vache_folle,326
csa-tmo.fr,avortement,15
avecchirac.com,genes,58
avecchirac.com,chretien,4
avecchirac.com,telethon,20
avecchirac.com,vache_folle,44
avecchirac.com,souches,28
chirac33.org,genes,44
chirac33.org,brevets,22
chirac33.org,vache_folle,44
forum-citoyen.com,genes,44
forum-citoyen.com,brevets,29
forum-citoyen.com,embryon,18
forum-citoyen.com,vache_folle,22
forum-citoyen.com,bioethique,9
ps-gironde.org,genes,42
ps-gironde.org,bioethique,6
rabhi2002.net,genes,42
rabhi2002.net,chretien,14
rabhi2002.net,clonage,4
rabhi2002.net,vache_folle,14
lapetition.com,genes,36
lapetition.com,chretien,10
lapetition.com,brevets,36
lapetition.com,embryon,30
lapetition.com,clonage,8
lapetition.com,vache_folle,6
lapetition.com,souches,30
legraindesable.com,genes,36
legraindesable.com,chretien,48
legraindesable.com,brevets,12
legraindesable.com,clonage,24
legraindesable.com,ogm,6
legraindesable.com,vache_folle,18
legraindesable.com,avortement,18
legraindesable.com,souches,6
lipietz2002.net,genes,32
lipietz2002.net,chretien,18
lipietz2002.net,clonage,18
lipietz2002.net,vache_folle,26
lipietz2002.net,avortement,26
miguet2002.com,genes,28
miguet2002.com,embryon,28
miguet2002.com,vache_folle,36
jeunes-communistes.org,genes,24
jeunes-communistes.org,chretien,186
jeunes-communistes.org,brevets,24
jeunes-communistes.org,vache_folle,18
jeunes-communistes.org,avortement,178
jeunes-communistes.org,souches,178
aliceleroy.org,genes,20
aliceleroy.org,vache_folle,6
alainmadelin.com,genes,18
alainmadelin.com,chretien,34
alainmadelin.com,brevets,25
alainmadelin.com,embryon,5
alainmadelin.com,vache_folle,65
alainmadelin.com,souches,68
sitemestre.net,genes,18
sitemestre.net,transgenetique,9
sitemestre.net,vache_folle,36
sitemestre.net,avortement,9
saintjosse2002.net,genes,17
saintjosse2002.net,transgenetique,25
saintjosse2002.net,vache_folle,82
bernarddeflesselles.com,genes,16
bernarddeflesselles.com,brevets,32
bernarddeflesselles.com,transgenetique,16
bernarddeflesselles.com,vache_folle,16
charlescova.com,genes,16
francois-rochebloine.com,genes,16
francois-rochebloine.com,brevets,16
francois-rochebloine.com,clonage,8
francois-rochebloine.com,vache_folle,16
francois-rochebloine.com,avortement,16
francois-rochebloine.com,bioethique,8
politis.fr,genes,16
politis.fr,chretien,32
politis.fr,brevets,8
politis.fr,embryon,16
politis.fr,vache_folle,16
politis.fr,souches,8
renaudmuselier.com,genes,16
renaudmuselier.com,chretien,10
renaudmuselier.com,bioethique,4
france-elections.net,genes,14
martinebillard2002.net,genes,14
martinebillard2002.net,brevets,5
martinebillard2002.net,embryon,5
martinebillard2002.net,clonage,5
martinebillard2002.net,ogm,5
martinebillard2002.net,transgenetique,5
martinebillard2002.net,vache_folle,14
martinebillard2002.net,avortement,9
martinebillard2002.net,souches,5
naturellement-a-gauche.org,genes,14
naturellement-a-gauche.org,brevets,2
naturellement-a-gauche.org,embryon,2
naturellement-a-gauche.org,clonage,2
naturellement-a-gauche.org,ogm,2
naturellement-a-gauche.org,transgenetique,2
naturellement-a-gauche.org,vache_folle,10
naturellement-a-gauche.org,souches,2
lesfemmesavecchirac.com,genes,13
lesfemmesavecchirac.com,vache_folle,15
195.246.155.17,genes,12
195.246.155.17,chretien,102
195.246.155.17,vache_folle,12
195.246.155.17,avortement,10
195.246.155.17,bioethique,12
195.246.155.17,souches,24
internationalism.org,genes,12
internationalism.org,chretien,22
internationalism.org,embryon,12
internationalism.org,vache_folle,36
internationalism.org,avortement,12
internationalism.org,souches,6
les-verts-du-montargois.org,genes,12
les-verts-du-montargois.org,chretien,4
les-verts-du-montargois.org,clonage,4
les-verts-du-montargois.org,vache_folle,28
lionnel-luca.org,genes,12
lionnel-luca.org,clonage,4
lionnel-luca.org,bayer,8
lionnel-luca.org,transgenetique,8
lionnel-luca.org,vache_folle,4
lionnel-luca.org,bioethique,8
e-boyer.org,genes,10
e-boyer.org,chretien,16
e-boyer.org,brevets,8
e-boyer.org,clonage,8
jeanlouisjoseph.com,genes,10
jeanlouisjoseph.com,chretien,10
jeanlouisjoseph.com,brevets,16
jeanlouisjoseph.com,transgenetique,10
213.186.36.114,genes,8
213.186.36.114,transgenetique,4
213.186.36.114,vache_folle,16
213.186.36.114,avortement,4
aris.asso.fr,genes,8
aris.asso.fr,chretien,16
aris.asso.fr,transgenetique,8
aris.asso.fr,vache_folle,8
aris.asso.fr,avortement,16
estrosi.com,genes,8
estrosi.com,chretien,8
estrosi.com,brevets,8
estrosi.com,ogm,8
estrosi.com,avortement,16
laprovence-presse.fr,genes,8
laprovence-presse.fr,chretien,8
laprovence-presse.fr,transgenetique,4
laprovence-presse.fr,vache_folle,8
lesverts-rennes.org,genes,8
lesverts-rennes.org,chretien,4
lesverts-rennes.org,transgenetique,4
lesverts-rennes.org,vache_folle,40
marcalbouy.org,genes,8
marcalbouy.org,vache_folle,8
marcalbouy.org,bioethique,8
ovh.org,genes,8
ovh.org,ogm,4
ovh.org,transgenetique,4
ovh.org,vache_folle,4
aol.com,genes,7
aol.com,chretien,6
aol.com,transgenetique,1
aol.com,vache_folle,9
annuaire-au-feminin.tm.fr,genes,6
annuaire-au-feminin.tm.fr,chretien,40
annuaire-au-feminin.tm.fr,brevets,4
annuaire-au-feminin.tm.fr,clonage,2
annuaire-au-feminin.tm.fr,transgenetique,2
annuaire-au-feminin.tm.fr,vache_folle,8
annuaire-au-feminin.tm.fr,avortement,20
annuaire-au-feminin.tm.fr,bioethique,6
annuaire-au-feminin.tm.fr,souches,2
claude-goasguen.org,genes,6
claude-goasguen.org,chretien,102
lyon-dubernard.com,genes,6
lyon-dubernard.com,chretien,6
lyon-dubernard.com,brevets,9
lyon-dubernard.com,bioethique,12
politiquementnet.fr,genes,6
politiquementnet.fr,clonage,6
leguerinel.com,genes,5
leguerinel.com,clonage,5
leguerinel.com,bioethique,5
agnesgc.net,genes,4
agnesgc.net,chretien,4
agnesgc.net,brevets,4
anti-rev.org,genes,4
anti-rev.org,chretien,4
anti-rev.org,vache_folle,4
anti-rev.org,avortement,20
anti-rev.org,bioethique,4
anti-rev.org,souches,12
axeria.com,genes,4
axeria.com,clonage,4
axeria.com,transgenetique,4
axeria.com,vache_folle,4
axeria.com,bioethique,4
claudeliebermann.com,genes,4
d-paille-udf.org,genes,4
d-paille-udf.org,chretien,6
d-paille-udf.org,brevets,4
d-paille-udf.org,vache_folle,26
dominique-martin.com,genes,4
dominique-martin.com,vache_folle,8
dominique-martin.com,souches,4
fresh-agency.net,genes,4
fresh-agency.net,brevets,4
fresh-agency.net,clonage,4
fresh-agency.net,vache_folle,4
fresh-agency.net,bioethique,4
h-arevalo.org,genes,4
journaldespresidentielles.com,genes,4
journaldespresidentielles.com,chretien,21
journaldespresidentielles.com,brevets,13
journaldespresidentielles.com,embryon,1
journaldespresidentielles.com,clonage,8
journaldespresidentielles.com,vache_folle,22
journaldespresidentielles.com,avortement,6
journaldespresidentielles.com,bioethique,17
laurentfeutry.com,genes,4
laurentfeutry.com,brevets,4
laurentfeutry.com,vache_folle,4
lutte-ouvriere-midi-pyrenees.org,genes,4
lutte-ouvriere-midi-pyrenees.org,souches,4
luttes-etudiantes.com,genes,4
luttes-etudiantes.com,transgenetique,4
philippe-folliot.com,genes,4
philippe-folliot.com,chretien,2
pierre-morange.com,genes,4
ps65.org,genes,4
rpf-06.org,genes,4
stelia.net,genes,4
stelia.net,chretien,4
stelia.net,bioethique,140
stelia.net,souches,4
libertysurf.fr,genes,3
libertysurf.fr,souches,2
mi-2002.com,genes,3
mi-2002.com,brevets,2
mi-2002.com,clonage,2
mi-2002.com,vache_folle,2
afaa.asso.fr,genes,2
afaa.asso.fr,chretien,2
afaa.asso.fr,clonage,2
afaa.asso.fr,vache_folle,8
afaa.asso.fr,avortement,4
emmanuel-hamelin.com,genes,2
emploi-design.com,genes,2
emploi-design.com,avortement,6
fnjeunesse.com,genes,2
fnjeunesse.com,vache_folle,2
fnjeunesse.com,avortement,4
jacquesberthelot.com,genes,2
mjs49.org,genes,2
mjs49.org,chretien,2
mjs49.org,brevets,2
mjs49.org,embryon,6
mjs49.org,clonage,2
mjs49.org,ogm,2
mjs49.org,telethon,4
mjs49.org,vache_folle,2
mjs49.org,avortement,2
planetecologie.org,genes,2
planetecologie.org,brevets,2
planetecologie.org,transgenetique,2
planetecologie.org,vache_folle,2
planetecologie.org,avortement,2
psangers.org,genes,2
psangers.org,brevets,2
psangers.org,embryon,2
psangers.org,clonage,2
psangers.org,vache_folle,2
psangers.org,bioethique,2
psangers.org,souches,2
rpr21.org,genes,2
rpr21.org,ogm,2
rpr21.org,vache_folle,4
socialiste-martinique.mq,genes,2
soubien.net,genes,2
soubien.net,brevets,12
soubien.net,embryon,2
soubien.net,clonage,2
soubien.net,ogm,2
soubien.net,transgenetique,2
soubien.net,vache_folle,2
soubien.net,souches,2
syndicat-enseignants.org,genes,2
syndicat-enseignants.org,brevets,1
verts-yvelines.org,genes,2
verts-yvelines.org,chretien,2
verts-yvelines.org,transgenetique,2
verts-yvelines.org,avortement,2
verts.net,genes,2
vertsbesancon2002.org,genes,2
vertsbesancon2002.org,brevets,2
vertsbesancon2002.org,vache_folle,4
vertsdesevres.net,genes,2
vertsdesevres.net,vache_folle,6
confederationpaysanne.fr,genes,1
confederationpaysanne.fr,brevets,1
confederationpaysanne.fr,vache_folle,5
francinebavay.net,genes,1
francinebavay.net,brevets,3
francinebavay.net,embryon,1
francinebavay.net,clonage,1
francinebavay.net,ogm,1
francinebavay.net,transgenetique,1
francinebavay.net,vache_folle,1
francinebavay.net,souches,1
gerardborvon.org,genes,1
gerardborvon.org,vache_folle,3
centrefrance.com,chretien,632
cftc.fr,chretien,431
jeunesavecmadelin.com,chretien,140
jeunesavecmadelin.com,brevets,72
jeunesavecmadelin.com,vache_folle,233
moutoussamy.com,chretien,112
moutoussamy.com,avortement,72
depute-dumoulin.com,chretien,84
depute-dumoulin.com,brevets,8
paris-normandie.fr,chretien,59
pole-republicain.org,chretien,46
comparini.net,chretien,36
comparini.net,clonage,4
comparini.net,bioethique,4
comparini.net,souches,4
force-ouvriere.fr,chretien,30
force-ouvriere.fr,brevets,4
force-ouvriere.fr,embryon,4
force-ouvriere.fr,souches,16
presidentielles.org,chretien,28
presidentielles.org,vache_folle,18
presidentielles.org,souches,12
paris-normandie.com,chretien,27
amipublic.com,chretien,26
amipublic.com,brevets,26
amipublic.com,embryon,16
amipublic.com,vache_folle,8
amipublic.com,avortement,14
frederic-esquevin.org,chretien,24
ifop.com,chretien,24
ifop.com,clonage,56
ifop.com,vache_folle,84
monclocher.com,chretien,20
monclocher.com,brevets,5
admi.net,chretien,19
admi.net,embryon,40
admi.net,avortement,19
sofres.com,chretien,18
sofres.com,avortement,12
3revolution.com,chretien,17
elysee.org,chretien,17
elysee.org,vache_folle,17
scorbut.be,chretien,16
scorbut.be,vache_folle,34
scorbut.be,avortement,2
nordnet.fr,chretien,15
nordnet.fr,brevets,10
nordnet.fr,clonage,5
nordnet.fr,vache_folle,5
francisdemay.org,chretien,14
cisonline.org,chretien,12
cisonline.org,brevets,4
cisonline.org,vache_folle,2
ledroitpublic.com,chretien,12
udf-aix.org,chretien,12
udf-aix.org,brevets,4
udf-aix.org,embryon,8
udf-aix.org,clonage,8
udf-aix.org,vache_folle,4
udf-aix.org,avortement,4
alain-veyret.com,chretien,8
depute-vuilque.org,chretien,8
depute-vuilque.org,vache_folle,16
icor.fr,chretien,8
icor.fr,vache_folle,8
icor.fr,bioethique,8
prg30.org,chretien,8
ps-paris12.org,chretien,8
ps-paris12.org,embryon,4
ps-paris12.org,vache_folle,4
ps-paris12.org,avortement,4
patricklabrousse.org,chretien,7
patricklabrousse.org,vache_folle,8
alain-cousin.org,chretien,6
alain-cousin.org,brevets,8
alain-cousin.org,vache_folle,2
amidrac.com,chretien,6
amidrac.com,embryon,12
amidrac.com,clonage,12
amidrac.com,avortement,6
amidrac.com,bioethique,12
gilbertlebris.net,chretien,6
gilbertlebris.net,vache_folle,6
lutte-ouvriere-normandie-basse.org,chretien,6
partipiednoir.org,chretien,6
partipiednoir.org,vache_folle,6
partipiednoir.org,souches,24
puechabon.net,chretien,6
abf.asso.fr,chretien,4
andre-santini.net,chretien,4
andre-santini.net,brevets,2
balligand.org,chretien,4
bareges2002.com,chretien,4
bretagne.com,chretien,4
bretagne.com,clonage,4
bretagne.com,avortement,4
catherine-normandin.com,chretien,4
ccfd.asso.fr,chretien,4
dassault-oise.com,chretien,4
jeanclaudethomas.com,chretien,4
jeanclaudethomas.com,brevets,4
jeanclaudethomas.com,transgenetique,12
jeanclaudethomas.com,vache_folle,6
lcr77.org,chretien,4
lutte-ouvriere-corse.org,chretien,4
lutte-ouvriere-pays-de-la-loire.org,chretien,4
lutte-ouvriere-pays-de-la-loire.org,vache_folle,4
mjsfrance.org,chretien,4
nexenservices.com,chretien,4
prg17.org,chretien,4
prg78.org,chretien,4
prg78.org,brevets,4
ps-paris13e.org,chretien,4
ps44.com,chretien,4
soutienvoguet.com,chretien,4
univ-lyon2.fr,chretien,4
chirac-en-vrac.com,chretien,2
chirac-en-vrac.com,clonage,4
chirac-en-vrac.com,vache_folle,8
chirac-en-vrac.com,bioethique,2
chirac-en-vrac.com,souches,2
dna.fr,chretien,2
dna.fr,vache_folle,2
dna.fr,souches,2
humanite.presse.fr,chretien,2
humanite.presse.fr,embryon,2
humanite.presse.fr,avortement,2
journalechange.com,chretien,2
journalechange.com,embryon,2
journalechange.com,vache_folle,2
journalechange.com,avortement,2
lutte-ouvriere-normandie-haute.org,chretien,2
lutte-ouvriere-normandie-haute.org,vache_folle,2
marylisemartins.com,chretien,2
udf24.org,chretien,2
udf24.org,vache_folle,5
udf24.org,souches,3
ps87.com,chretien,1
ps87.com,vache_folle,9
alternance2002.com,brevets,73
alternance2002.com,bioethique,44
brochand.net,brevets,12
brochand.net,avortement,4
conseil-constitutionnel.fr,brevets,12
conseil-constitutionnel.fr,avortement,6
conseil-constitutionnel.fr,souches,30
jean-claude-bois.com,brevets,12
axelponiatowski.com,brevets,8
demourgues.com,brevets,8
unef.asso.fr,brevets,8
unef.asso.fr,avortement,2
danielskowron.org,brevets,7
2002citoyensnumeriques.net,brevets,6
davidmartin-depute.org,brevets,6
davidmartin-depute.org,vache_folle,6
maximebono.com,brevets,6
maximebono.com,clonage,4
maximebono.com,vache_folle,6
brinkster.com,brevets,4
comby.org,brevets,4
comby.org,clonage,4
gollnisch.com,brevets,4
herouville.com,brevets,4
herouville.com,vache_folle,4
unahfrance.org,brevets,4
unahfrance.org,embryon,4
unahfrance.org,souches,4
vnunet.fr,brevets,3
amf.asso.fr,brevets,2
amf.asso.fr,vache_folle,5
jmbockel-depute.com,brevets,2
paternotte.info,brevets,2
ps-rueil.asso.fr,brevets,2
paoletti.nom.fr,brevets,1
giscarddestaing.com,embryon,18
giscarddestaing.com,vache_folle,36
giscarddestaing.com,avortement,18
giscarddestaing.com,souches,18
noos.fr,embryon,17
noos.fr,vache_folle,26
pauvrete-politique.com,embryon,6
pauvrete-politique.com,clonage,6
pauvrete-politique.com,vache_folle,18
pauvrete-politique.com,bioethique,6
planning-familial.org,embryon,6
planning-familial.org,avortement,66
planning-familial.org,bioethique,46
armes-ufa.org,embryon,4
lafrancevote.com,embryon,4
st-pierre-et-miquelon.com,embryon,4
linternaute.com,embryon,2
linternaute.com,vache_folle,2
dominique-richard.com,embryon,1
dominique-richard.com,vache_folle,1
bva.fr,clonage,15
bva.fr,bayer,15
bva.fr,vache_folle,15
expresso.pt,clonage,8
leprogres.fr,clonage,8
pemezec2002.com,clonage,8
pemezec2002.com,bioethique,8
80.65.232.113,clonage,7
commentvoterchirac.com,clonage,6
pschitt2002.com,clonage,6
tartrais.com,clonage,6
tartrais.com,vache_folle,6
dieudo.com,clonage,4
2002jeunes.org,bayer,9
2002jeunes.org,vache_folle,9
2002jeunes.org,avortement,7
afjkansai.org,bayer,2
newspress.fr,transgenetique,40
jutier.net,transgenetique,25
cglparis.org,transgenetique,20
michelgregoire-depute.org,transgenetique,8
michelgregoire-depute.org,vache_folle,8
lcr54.org,transgenetique,2
martial-saddier.com,transgenetique,2
martial-saddier.com,vache_folle,2
martial-saddier.com,avortement,3
martial-saddier.com,bioethique,2
nperruchot.org,transgenetique,1
angelfire.com,telethon,2
2002femmes.com,vache_folle,105
2002femmes.com,avortement,332
parti-federaliste.com,vache_folle,32
parti-federaliste.com,bioethique,12
claudebillard.net,vache_folle,20
internet2002-2007.org,vache_folle,16
chiracopoly.com,vache_folle,15
adami.org,vache_folle,14
president2002.com,vache_folle,14
qui-sera-president.com,vache_folle,12
qui-sera-president.com,avortement,4
qui-sera-president.com,bioethique,4
respublica.fr,vache_folle,12
bernard-raynaud.com,vache_folle,10
cochet2002.net,vache_folle,10
federation-anarchiste.org,vache_folle,9
chassain2002.net,vache_folle,8
preel.net,vache_folle,8
renaud-dutreil.com,vache_folle,8
jlevain-legislatives.org,vache_folle,7
michelbouvard.com,vache_folle,7
blessig2002.org,vache_folle,6
gaborit-vouette.com,vache_folle,6
germain-giraud.com,vache_folle,6
jeandionis.com,vache_folle,6
pschitt2002.net,vache_folle,6
gauche-socialiste.com,vache_folle,5
estelle2002.com,vache_folle,4
estelle2002.com,bioethique,4
fnloire.com,vache_folle,4
grandmanitou.net,vache_folle,4
grandmanitou.net,souches,4
jospin-et-moi.com,vache_folle,4
lesverts2.org,vache_folle,4
lexpansion.com,vache_folle,4
lucile2002.com,vache_folle,4
lutte-ouvriere-bretagne.org,vache_folle,4
natalieriollet2002.net,vache_folle,4
rodolphethomas.net,vache_folle,4
weblogs.com,vache_folle,4
weblogs.com,avortement,4
verts-noisy.org,vache_folle,3
infini.fr,vache_folle,2
jbpeyronel-lesverts2002.org,avortement,10
edouardlandrain.net,avortement,5
fluideglacial.tm.fr,avortement,4
pierre-cardo.org,avortement,4
anne-hidalgo.net,avortement,2
claudereichman.com,bioethique,17
georges-sarre.net,bioethique,10
christophecaresche.org,bioethique,9
radio-france.fr,bioethique,9
davidalphand.com,bioethique,8
christineboutin-legislatives.com,bioethique,6
fzory.com,bioethique,6
gillesgautronneau.com,bioethique,6
francois-asensi.com,bioethique,4
opinion-ind.presse.fr,bioethique,4
lesverts4.com,souches,4
lsdb.blogspot.com,souches,4
cuarcan.com,souches,3
