"ID","NAME","PREFIXES AS URL","INDEGREE","TOTAL KNOWN PAGES","CRAWLED PAGES","STATUS","LAST MODIFICATION DATE","forme éditoriale (TAGS)","acteur (TAGS)"
"15","Lepartidegauche.fr","http://lepartidegauche.fr http://www.lepartidegauche.fr https://lepartidegauche.fr https://www.lepartidegauche.fr","16","1104","498","IN","2022-04-05T15:22:20.553Z","site","formation politique"
"21","Lafranceinsoumise.fr","http://jlm2017.fr http://lafranceinsoumise.fr http://www.lafranceinsoumise.fr https://jlm2017.fr https://lafranceinsoumise.fr https://www.jlm2017.fr https://www.lafranceinsoumise.fr","21","4514","1122","IN","2022-04-06T13:53:38.932Z","site","formation politique"
"26","Placeaupeuple2012.fr","http://placeaupeuple2012.fr http://www.placeaupeuple2012.fr https://placeaupeuple2012.fr https://www.placeaupeuple2012.fr","6","234","28","IN","2022-04-05T15:22:46.459Z","site","campagne"
"40","Melenchon.fr","http://jean-luc-melenchon.com http://melenchon.fr http://www.melenchon.fr https://jean-luc-melenchon.com https://melenchon.fr https://www.jean-luc-melenchon.com https://www.melenchon.fr","22","8109","1366","IN","2022-04-06T13:45:19.326Z","site","candidat"
"61","Placeaupeuple.fr","http://placeaupeuple.fr http://www.placeaupeuple.fr https://placeaupeuple.fr https://www.placeaupeuple.fr","3","1826","362","IN","2022-04-05T15:22:46.453Z","site","campagne"
"141","Laec.fr","http://laec.fr http://www.laec.fr https://laec.fr https://www.laec.fr","13","4597","2362","IN","2022-04-05T15:26:02.410Z","site","campagne"
"143","Jean-Luc-Melenchon.fr","http://jean-luc-melenchon.fr http://www.jean-luc-melenchon.fr https://jean-luc-melenchon.fr https://www.jean-luc-melenchon.fr","16","42805","4717","IN","2022-04-05T15:18:04.918Z","site","candidat"
"164","Lemediatv.fr","http://lemediatv.fr http://www.lemediatv.fr https://lemediatv.fr https://www.lemediatv.fr","1","2689","1665","IN","2022-04-05T15:21:27.469Z","site","média ami"
"177","Ensemble-Fdg.org","http://ensemble-fdg.org http://www.ensemble-fdg.org https://ensemble-fdg.org https://www.ensemble-fdg.org","4","13555","4310","IN","2022-04-05T15:22:20.536Z","site","formation politique"
"181","Le-Bon-Sens.com","http://antoineleaument.fr http://le-bon-sens.com http://lebonsens.media http://www.antoineleaument.fr http://www.le-bon-sens.com http://www.lebonsens.media https://antoineleaument.fr https://le-bon-sens.com https://lebonsens.media https://www.le-bon-sens.com https://www.lebonsens.media","9","3441","1020","IN","2022-04-06T09:33:04.598Z","site","média ami"
"182","Opiam.fr","http://opiam.fr http://opiam2012.wordpress.com http://www.opiam.fr http://www.opiam2012.wordpress.com https://opiam.fr https://opiam2012.wordpress.com https://www.opiam.fr https://www.opiam2012.wordpress.com","6","14928","4641","IN","2022-04-06T13:46:06.597Z","blog","militant"
"204","Twitter.com /JLMelenchon","http://mobile.twitter.com/JLMelenchon http://twitter.com/JLMelenchon http://twitter.com/jlmelenchon http://www.mobile.twitter.com/JLMelenchon http://www.twitter.com/JLMelenchon http://www.twitter.com/jlmelenchon https://mobile.twitter.com/JLMelenchon https://twitter.com/JLMelenchon https://twitter.com/jlmelenchon https://www.mobile.twitter.com/JLMelenchon https://www.twitter.com/JLMelenchon https://www.twitter.com/jlmelenchon","15","213","16","IN","2022-04-06T13:34:51.146Z","réseau social","candidat"
"207","Avenirencommun.fr","http://avenirencommun.fr http://www.avenirencommun.fr https://avenirencommun.fr https://www.avenirencommun.fr","12","481","158","IN","2022-04-05T15:22:46.436Z","site","campagne"
"238","Facebook - Les Artistes avec Mélenchon","http://facebook.com/799817863495050 http://www.facebook.com/799817863495050 https://facebook.com/799817863495050 https://www.facebook.com/799817863495050","1","5","4","IN","2022-04-06T14:02:33.783Z","réseau social","association"
"239","Lafaqdelavenirencommun.com","http://lafaqdelavenirencommun.com http://www.lafaqdelavenirencommun.com https://lafaqdelavenirencommun.com https://www.lafaqdelavenirencommun.com","1","7119","1828","IN","2022-04-05T15:22:46.442Z","site","campagne"
"257","Amfis2021.fr","http://amfis2021.fr http://www.amfis2021.fr https://amfis2021.fr https://www.amfis2021.fr","4","17","9","IN","2022-04-06T13:17:05.176Z","site","formation politique"
"249","Actionpopulaire.fr","http://actionpopulaire.fr http://www.actionpopulaire.fr https://actionpopulaire.fr https://www.actionpopulaire.fr","6","885","513","IN","2022-04-06T13:51:28.002Z","réseau social","candidat"
"250","Noussommespour.fr","http://noussommespour.fr http://www.noussommespour.fr https://noussommespour.fr https://www.noussommespour.fr","9","10","6","IN","2022-04-06T13:35:19.134Z","site","candidat"
"251","Twitter.com /FranceInsoumise","http://mobile.twitter.com/FranceInsoumise http://twitter.com/FranceInsoumise http://www.mobile.twitter.com/FranceInsoumise http://www.twitter.com/FranceInsoumise https://mobile.twitter.com/FranceInsoumise https://twitter.com/FranceInsoumise https://www.mobile.twitter.com/FranceInsoumise https://www.twitter.com/FranceInsoumise","4","40","13","IN","2022-04-06T13:40:09.346Z","réseau social","formation politique"
"253","Melenchon2022.fr","http://lavenirencommun.fr http://melenchon2022.fr http://www.melenchon2022.fr https://lavenirencommun.fr https://melenchon2022.fr https://www.lavenirencommun.fr https://www.melenchon2022.fr","15","1607","355","IN","2022-04-06T08:34:37.812Z","site","campagne"
"254","Linsoumission.fr","http://linsoumission.fr http://www.linsoumission.fr https://linsoumission.fr https://www.linsoumission.fr","10","1619","652","IN","2022-04-06T13:54:14.867Z","site","média ami"
"270","Twitter.com /LePG","http://twitter.com/LePG http://www.twitter.com/LePG https://twitter.com/LePG https://www.twitter.com/LePG","4","19","11","IN","2022-04-06T13:41:55.812Z","réseau social","formation politique"
"273","Facebook.com /partidegauche.national","http://facebook.com/partidegauche.national http://www.facebook.com/partidegauche.national https://facebook.com/partidegauche.national https://www.facebook.com/partidegauche.national","5","10","8","IN","2022-04-06T13:32:35.774Z","réseau social","formation politique"
"276","Lemondeencommun.info","http://lemondeencommun.info http://www.lemondeencommun.info https://lemondeencommun.info https://www.lemondeencommun.info","4","6918","1013","IN","2022-04-06T13:38:28.687Z","site","formation politique"
"280","Linsoumissionhebdo.fr","http://heuredupeuple.fr http://linsoumissionhebdo.fr http://www.heuredupeuple.fr http://www.linsoumissionhebdo.fr https://heuredupeuple.fr https://linsoumissionhebdo.fr https://www.heuredupeuple.fr https://www.linsoumissionhebdo.fr","6","4785","1218","IN","2022-04-06T14:03:13.972Z","site","média ami"
"281","Facebook.com /JLMelenchon","http://facebook.com/JLMelenchon http://m.facebook.com/JLMelenchon http://www.facebook.com/JLMelenchon http://www.m.facebook.com/JLMelenchon https://facebook.com/JLMelenchon https://m.facebook.com/JLMelenchon https://www.facebook.com/JLMelenchon https://www.m.facebook.com/JLMelenchon","12","40","16","IN","2022-04-06T13:37:25.288Z","réseau social","candidat"
"283","Leji.fr","http://leji.fr http://www.leji.fr https://leji.fr https://www.leji.fr","6","489","444","IN","2022-04-06T13:53:02.884Z","site","formation politique"
"291","Twitter.com /gabrielamard","http://twitter.com/gabrielamard http://www.twitter.com/gabrielamard https://twitter.com/gabrielamard https://www.twitter.com/gabrielamard","3","3","0","IN","2022-04-07T11:46:08.234Z","réseau social","professionnel de la politique"
"286","Gabrielamard.eu","http://gabrielamard.eu http://gabrielamard.fr http://www.gabrielamard.eu http://www.gabrielamard.fr https://gabrielamard.eu https://gabrielamard.fr https://www.gabrielamard.eu https://www.gabrielamard.fr","5","186","58","IN","2022-04-07T11:48:40.275Z","site","professionnel de la politique"
"306","Mouvement6Erepublique.fr","http://m6r.fr http://mouvement6erepublique.fr http://www.m6r.fr http://www.mouvement6erepublique.fr https://m6r.fr https://mouvement6erepublique.fr https://www.mouvement6erepublique.fr","5","1074","516","IN","2022-04-06T08:34:47.363Z","site","association"
"349","Ugobernalicis.fr","http://ugobernalicis.fr http://www.ugobernalicis.fr https://ugobernalicis.fr https://www.ugobernalicis.fr","6","2996","693","IN","2022-04-06T13:40:30.247Z","blog","professionnel de la politique"
"362","Jacquesgenereux.fr","http://jacquesgenereux.fr http://www.jacquesgenereux.fr https://jacquesgenereux.fr https://www.jacquesgenereux.fr","3","20176","3517","IN","2022-04-06T13:33:59.186Z","blog","militant"
"363","Alexis-Corbiere.com","http://alexis-corbiere.com http://www.alexis-corbiere.com https://alexis-corbiere.com https://www.alexis-corbiere.com","7","65","29","IN","2022-04-06T13:15:05.794Z","site","professionnel de la politique"
"517","Ouste.fr","http://ouste.fr http://www.ouste.fr https://ouste.fr https://www.ouste.fr","3","1066","364","IN","2022-04-06T13:42:05.567Z","site","campagne"
"521","Twitter.com /LachaudB","http://twitter.com/LachaudB http://www.twitter.com/LachaudB https://twitter.com/LachaudB https://www.twitter.com/LachaudB","3","16","8","IN","2022-04-06T13:38:20.494Z","réseau social","professionnel de la politique"
"465","Discord.gg","http://discord.gg http://www.discord.gg https://discord.gg https://www.discord.gg","4","7","7","IN","2022-04-06T13:36:02.620Z","réseau social","professionnel de la politique"
"482","Bastienlachaud.fr","http://bastienlachaud.fr http://www.bastienlachaud.fr https://bastienlachaud.fr https://www.bastienlachaud.fr","4","2078","547","IN","2022-04-06T13:17:24.793Z","site","professionnel de la politique"
"503","Twitter.com /mbompard","http://mobile.twitter.com/mbompard http://twitter.com/mbompard http://www.mobile.twitter.com/mbompard http://www.twitter.com/mbompard https://mobile.twitter.com/mbompard https://twitter.com/mbompard https://www.mobile.twitter.com/mbompard https://www.twitter.com/mbompard","9","50","8","IN","2022-04-06T13:36:40.007Z","réseau social","professionnel de la politique"
"681","linsurge.Wordpress.com","http://linsurge.wordpress.com http://www.linsurge.wordpress.com https://linsurge.wordpress.com https://www.linsurge.wordpress.com","4","4581","711","IN","2022-04-06T12:59:47.115Z","blog","militant"
"703","poingrouge.Over-Blog.com","http://poingrouge.over-blog.com http://www.poingrouge.over-blog.com https://poingrouge.over-blog.com https://www.poingrouge.over-blog.com","3","2","0","IN","2022-04-07T11:47:26.801Z","blog","militant"
"769","Left.eu","http://guengl.eu http://left.eu http://www.left.eu https://guengl.eu https://left.eu https://www.left.eu","5","1285","803","IN","2022-04-06T08:34:56.057Z","site","formation politique"
"806","Twitter.com /MathildePanot","http://mobile.twitter.com/MathildePanot http://twitter.com/MathildePanot http://twitter.com/mathildepanot http://www.mobile.twitter.com/MathildePanot http://www.twitter.com/MathildePanot http://www.twitter.com/mathildepanot https://mobile.twitter.com/MathildePanot https://twitter.com/MathildePanot https://twitter.com/mathildepanot https://www.mobile.twitter.com/MathildePanot https://www.twitter.com/MathildePanot https://www.twitter.com/mathildepanot","3","25","1","IN","2022-04-06T14:01:33.858Z","réseau social","professionnel de la politique"
"813","Twitter.com /AQuatennens","http://twitter.com/AQuatennens http://www.twitter.com/AQuatennens https://twitter.com/AQuatennens https://www.twitter.com/AQuatennens","2","26","8","IN","2022-04-06T13:40:04.671Z","réseau social","professionnel de la politique"
"817","Twitter.com /Francois_Ruffin","http://mobile.twitter.com/Francois_Ruffin http://twitter.com/Francois_Ruffin http://twitter.com/francois_ruffin http://www.mobile.twitter.com/Francois_Ruffin http://www.twitter.com/Francois_Ruffin http://www.twitter.com/francois_ruffin https://mobile.twitter.com/Francois_Ruffin https://twitter.com/Francois_Ruffin https://twitter.com/francois_ruffin https://www.mobile.twitter.com/Francois_Ruffin https://www.twitter.com/Francois_Ruffin https://www.twitter.com/francois_ruffin","4","45","8","IN","2022-04-06T13:40:21.703Z","réseau social","professionnel de la politique"
"822","Twitter.com /Ugobernalicis","http://twitter.com/Ugobernalicis http://www.twitter.com/Ugobernalicis https://twitter.com/Ugobernalicis https://www.twitter.com/Ugobernalicis","3","5","5","IN","2022-04-06T13:38:20.502Z","réseau social","professionnel de la politique"
"835","Facebook.com /mbompard","http://facebook.com/mbompard http://www.facebook.com/mbompard https://facebook.com/mbompard https://www.facebook.com/mbompard","4","6","5","IN","2022-04-06T13:52:03.053Z","réseau social","professionnel de la politique"
"840","Facebook.com /FrancoisRuffin80","http://facebook.com/FrancoisRuffin80 http://www.facebook.com/FrancoisRuffin80 https://facebook.com/FrancoisRuffin80 https://www.facebook.com/FrancoisRuffin80","3","14","9","IN","2022-04-06T13:27:38.200Z","réseau social","professionnel de la politique"
"860","Twitter.com /younousomarjee","http://twitter.com/younousomarjee http://www.twitter.com/younousomarjee https://twitter.com/younousomarjee https://www.twitter.com/younousomarjee","3","14","7","IN","2022-04-06T13:04:16.490Z","réseau social","professionnel de la politique"
"861","Facebook.com /younousomarjee.europe","http://facebook.com/younousomarjee.europe http://www.facebook.com/younousomarjee.europe https://facebook.com/younousomarjee.europe https://www.facebook.com/younousomarjee.europe","2","7","5","IN","2022-04-06T13:52:02.995Z","réseau social","professionnel de la politique"
"863","Twitter.com /ManonAubryFr","http://mobile.twitter.com/ManonAubryFr http://twitter.com/ManonAubryFr http://www.mobile.twitter.com/ManonAubryFr http://www.twitter.com/ManonAubryFr https://mobile.twitter.com/ManonAubryFr https://twitter.com/ManonAubryFr https://www.mobile.twitter.com/ManonAubryFr https://www.twitter.com/ManonAubryFr","3","29","15","IN","2022-04-06T13:35:02.336Z","réseau social","professionnel de la politique"
"873","Twitter.com /leilachaibi","http://mobile.twitter.com/leilachaibi http://twitter.com/leilachaibi http://www.mobile.twitter.com/leilachaibi http://www.twitter.com/leilachaibi https://mobile.twitter.com/leilachaibi https://twitter.com/leilachaibi https://www.mobile.twitter.com/leilachaibi https://www.twitter.com/leilachaibi","5","16","7","IN","2022-04-07T11:47:57.811Z","réseau social","professionnel de la politique"
"876","Facebook.com /emmanuelmaurel","http://facebook.com/emmanuelmaurel http://www.facebook.com/emmanuelmaurel https://facebook.com/emmanuelmaurel https://www.facebook.com/emmanuelmaurel","3","5","5","IN","2022-04-06T13:52:03.065Z","réseau social","professionnel de la politique"
"877","Twitter.com /emmanuelmaurel","http://twitter.com/emmanuelmaurel http://www.twitter.com/emmanuelmaurel https://twitter.com/emmanuelmaurel https://www.twitter.com/emmanuelmaurel","4","5","4","IN","2022-04-06T13:38:20.508Z","réseau social","professionnel de la politique"
"1072","Despasperdus.com","http://despasperdus.com http://www.despasperdus.com https://despasperdus.com https://www.despasperdus.com","4","2379","172","IN","2022-04-06T13:52:04.626Z","blog","militant"
"995","Facebook.com /M6Rep","http://facebook.com/M6Rep http://www.facebook.com/M6Rep https://facebook.com/M6Rep https://www.facebook.com/M6Rep","3","12","7","IN","2022-04-06T13:52:04.242Z","réseau social","campagne"
"1239","Resistonsparlesactes.blogspot.fr","http://resistonsparlesactes.blogspot.fr http://www.resistonsparlesactes.blogspot.fr https://resistonsparlesactes.blogspot.fr https://www.resistonsparlesactes.blogspot.fr","3","5","4","IN","2022-04-06T13:36:24.306Z","blog","formation politique"
"1296","Twitter.com /.../Melenchon","http://twitter.com/hashtag/Melenchon http://www.twitter.com/hashtag/Melenchon https://twitter.com/hashtag/Melenchon https://www.twitter.com/hashtag/Melenchon","3","1","0","IN","2022-04-07T10:56:55.503Z","réseau social","candidat"
"1305","Twitter.com /alexiscorbiere","http://twitter.com/alexiscorbiere http://www.twitter.com/alexiscorbiere https://twitter.com/alexiscorbiere https://www.twitter.com/alexiscorbiere","4","8","7","IN","2022-04-06T13:38:20.498Z","réseau social","professionnel de la politique"
"1347","Emmanuelmaurel.eu","http://emmanuelmaurel.eu http://www.emmanuelmaurel.eu https://emmanuelmaurel.eu https://www.emmanuelmaurel.eu","4","599","206","IN","2022-04-06T13:35:41.757Z","site","professionnel de la politique"
"1350","Facebook.com /AQuatennens","http://facebook.com/AQuatennens http://www.facebook.com/AQuatennens https://facebook.com/AQuatennens https://www.facebook.com/AQuatennens","2","9","9","IN","2022-04-06T13:52:04.666Z","réseau social","professionnel de la politique"
"1351","Manuelbompard.fr","http://manuelbompard.fr http://www.manuelbompard.fr https://manuelbompard.fr https://www.manuelbompard.fr","4","187","55","IN","2022-04-06T13:56:41.719Z","site","professionnel de la politique"
"1373","Twitter.com /CarolineFiat54","http://twitter.com/CarolineFiat54 http://www.twitter.com/CarolineFiat54 https://twitter.com/CarolineFiat54 https://www.twitter.com/CarolineFiat54","3","3","0","IN","2022-04-07T10:57:21.867Z","réseau social","professionnel de la politique"
"1378","Francoisruffin.fr","http://francoisruffin.fr http://www.francoisruffin.fr https://francoisruffin.fr https://www.francoisruffin.fr","3","2582","1035","IN","2022-04-06T13:29:13.999Z","site","professionnel de la politique"
"1868","Facebook.com /L.insoumission","http://facebook.com/L.insoumission http://www.facebook.com/L.insoumission https://facebook.com/L.insoumission https://www.facebook.com/L.insoumission","2","9","3","IN","2022-04-06T13:54:14.846Z","réseau social","média ami"
"1869","Twitter.com /L_insoumission","http://mobile.twitter.com/L_insoumission http://twitter.com/L_insoumission http://www.mobile.twitter.com/L_insoumission http://www.twitter.com/L_insoumission https://mobile.twitter.com/L_insoumission https://twitter.com/L_insoumission https://www.mobile.twitter.com/L_insoumission https://www.twitter.com/L_insoumission","5","78","11","IN","2022-04-06T13:53:47.145Z","réseau social","média ami"
"1871","Twitter.com /LejiFr","http://twitter.com/LejiFr http://www.twitter.com/LejiFr https://twitter.com/LejiFr https://www.twitter.com/LejiFr","3","5","5","IN","2022-04-06T14:02:09.499Z","réseau social","média ami"
"1886","Facebook.com /FiAssemblee","http://facebook.com/FiAssemblee http://www.facebook.com/FiAssemblee https://facebook.com/FiAssemblee https://www.facebook.com/FiAssemblee","3","5","5","IN","2022-04-06T13:52:05.955Z","réseau social","formation politique"
"1959","Twitter.com /PabloIglesias","http://twitter.com/PabloIglesias http://www.twitter.com/PabloIglesias https://twitter.com/PabloIglesias https://www.twitter.com/PabloIglesias","3","3","0","IN","2022-04-07T10:57:31.123Z","réseau social","professionnel de la politique"
"2083","mondedesophie.Wordpress.com","http://mondedesophie.wordpress.com http://www.mondedesophie.wordpress.com https://mondedesophie.wordpress.com https://www.mondedesophie.wordpress.com","3","4907","1052","IN","2022-04-07T11:47:05.303Z","blog","militant"
"3944","Lunionpopulaire.fr","http://lunionpopulaire.fr http://www.lunionpopulaire.fr https://lunionpopulaire.fr https://www.lunionpopulaire.fr","3","467","140","IN","2022-04-06T13:35:02.561Z","site","formation politique"
"3942","Twitter.com /melenchon_2022","http://mobile.twitter.com/melenchon_2022 http://twitter.com/melenchon_2022 http://www.mobile.twitter.com/melenchon_2022 http://www.twitter.com/melenchon_2022 https://mobile.twitter.com/melenchon_2022 https://twitter.com/melenchon_2022 https://www.mobile.twitter.com/melenchon_2022 https://www.twitter.com/melenchon_2022","4","14","5","IN","2022-04-06T13:36:16.105Z","réseau social","candidat"
"3943","Facebook.com /Melenchon2022","http://facebook.com/Melenchon2022 http://www.facebook.com/Melenchon2022 https://facebook.com/Melenchon2022 https://www.facebook.com/Melenchon2022","2","5","5","IN","2022-04-06T13:52:05.867Z","réseau social","candidat"
"4258","Instagram.com /franceinsoumise","http://instagram.com/franceinsoumise http://www.instagram.com/franceinsoumise https://instagram.com/franceinsoumise https://www.instagram.com/franceinsoumise","2","5","5","IN","2022-04-06T12:59:40.615Z","réseau social","formation politique"
"4259","Instagram.com /aleaument","http://instagram.com/aleaument http://www.instagram.com/aleaument https://instagram.com/aleaument https://www.instagram.com/aleaument","1","6","6","IN","2022-04-06T12:57:21.182Z","réseau social","professionnel de la politique"
"4260","Instagram.com /adrien_quatennens","http://instagram.com/adrien_quatennens http://www.instagram.com/adrien_quatennens https://instagram.com/adrien_quatennens https://www.instagram.com/adrien_quatennens","1","6","6","IN","2022-04-06T12:56:53.089Z","réseau social","professionnel de la politique"
"4261","Instagram.com /aec_melenchon","http://instagram.com/aec_melenchon http://www.instagram.com/aec_melenchon https://instagram.com/aec_melenchon https://www.instagram.com/aec_melenchon","1","5","5","IN","2022-04-06T12:54:51.758Z","réseau social","candidat"
"4262","Instagram.com /dfieurope","http://instagram.com/dfieurope http://www.instagram.com/dfieurope https://instagram.com/dfieurope https://www.instagram.com/dfieurope","1","5","5","IN","2022-04-06T12:59:24.069Z","réseau social","formation politique"
"4263","Instagram.com /clementineautain","http://instagram.com/clementineautain http://www.instagram.com/clementineautain https://instagram.com/clementineautain https://www.instagram.com/clementineautain","1","5","5","IN","2022-04-06T12:59:02.595Z","réseau social","professionnel de la politique"
"4264","Instagram.com /bastien.lachaud","http://instagram.com/bastien.lachaud http://www.instagram.com/bastien.lachaud https://instagram.com/bastien.lachaud https://www.instagram.com/bastien.lachaud","2","5","5","IN","2022-04-06T12:58:29.748Z","réseau social","professionnel de la politique"
"4266","Instagram.com /franceinsoumise_culture","http://instagram.com/franceinsoumise_culture http://www.instagram.com/franceinsoumise_culture https://instagram.com/franceinsoumise_culture https://www.instagram.com/franceinsoumise_culture","1","5","5","IN","2022-04-06T12:59:47.798Z","réseau social","formation politique"
"4267","Instagram.com /jlmelenchon","http://instagram.com/jlmelenchon http://www.instagram.com/jlmelenchon https://instagram.com/jlmelenchon https://www.instagram.com/jlmelenchon","4","8","8","IN","2022-04-06T13:01:58.689Z","réseau social","candidat"
"4268","Instagram.com /francois_ruffin","http://instagram.com/francois_ruffin http://www.instagram.com/francois_ruffin https://instagram.com/francois_ruffin https://www.instagram.com/francois_ruffin","2","5","5","IN","2022-04-06T13:00:01.589Z","réseau social","professionnel de la politique"
"4269","Instagram.com /guengl","http://instagram.com/guengl http://www.instagram.com/guengl https://instagram.com/guengl https://www.instagram.com/guengl","1","5","5","IN","2022-04-06T13:00:54.440Z","réseau social","formation politique"
"4270","Instagram.com /georgoulisalexis_ep","http://instagram.com/georgoulisalexis_ep http://www.instagram.com/georgoulisalexis_ep https://instagram.com/georgoulisalexis_ep https://www.instagram.com/georgoulisalexis_ep","1","6","6","IN","2022-04-06T13:00:36.974Z","réseau social","professionnel de la politique"
"4271","Instagram.com /idoiavr","http://instagram.com/idoiavr http://www.instagram.com/idoiavr https://instagram.com/idoiavr https://www.instagram.com/idoiavr","1","5","5","IN","2022-04-06T13:01:51.113Z","réseau social","professionnel de la politique"
"4273","Instagram.com /l_insoumission","http://instagram.com/l_insoumission http://www.instagram.com/l_insoumission https://instagram.com/l_insoumission https://www.instagram.com/l_insoumission","2","5","5","IN","2022-04-06T13:54:14.855Z","réseau social","média ami"
"4274","Instagram.com /katerina_konecna","http://instagram.com/katerina_konecna http://www.instagram.com/katerina_konecna https://instagram.com/katerina_konecna https://www.instagram.com/katerina_konecna","1","5","5","IN","2022-04-06T13:02:20.864Z","réseau social","professionnel de la politique"
"4275","Instagram.com /laecillustre","http://instagram.com/laecillustre http://www.instagram.com/laecillustre https://instagram.com/laecillustre https://www.instagram.com/laecillustre","1","6","6","IN","2022-04-06T13:09:09.451Z","réseau social","campagne"
"4276","Instagram.com /manuelbompard","http://instagram.com/manuelbompard http://www.instagram.com/manuelbompard https://instagram.com/manuelbompard https://www.instagram.com/manuelbompard","2","6","6","IN","2022-04-06T13:10:44.562Z","réseau social","professionnel de la politique"
"4277","Instagram.com /manonaubryfr","http://instagram.com/manonaubryfr http://www.instagram.com/manonaubryfr https://instagram.com/manonaubryfr https://www.instagram.com/manonaubryfr","1","6","6","IN","2022-04-06T13:09:18.087Z","réseau social","professionnel de la politique"
"4278","Instagram.com /lejournaldelinsoumission","http://instagram.com/lejournaldelinsoumission http://www.instagram.com/lejournaldelinsoumission https://instagram.com/lejournaldelinsoumission https://www.instagram.com/lejournaldelinsoumission","2","5","5","IN","2022-04-06T13:54:14.859Z","réseau social","média ami"
"4279","Instagram.com /manu.abu.carlos","http://instagram.com/manu.abu.carlos http://www.instagram.com/manu.abu.carlos https://instagram.com/manu.abu.carlos https://www.instagram.com/manu.abu.carlos","1","5","5","IN","2022-04-06T13:09:52.548Z","réseau social","professionnel de la politique"
"4280","Instagram.com /ugobernalicis","http://instagram.com/ugobernalicis http://www.instagram.com/ugobernalicis https://instagram.com/ugobernalicis https://www.instagram.com/ugobernalicis","2","5","5","IN","2022-04-06T13:13:11.944Z","réseau social","professionnel de la politique"
"4282","Instagram.com /melenchon_2022","http://instagram.com/melenchon_2022 http://www.instagram.com/melenchon_2022 https://instagram.com/melenchon_2022 https://www.instagram.com/melenchon_2022","2","6","5","IN","2022-04-06T13:10:55.210Z","réseau social","candidat"
"4283","Instagram.com /marisa_matias","http://instagram.com/marisa_matias http://www.instagram.com/marisa_matias https://instagram.com/marisa_matias https://www.instagram.com/marisa_matias","1","5","5","IN","2022-04-06T13:10:14.539Z","réseau social","professionnel de la politique"
"4285","Instagram.com /miguel_urban_crespo","http://instagram.com/miguel_urban_crespo http://www.instagram.com/miguel_urban_crespo https://instagram.com/miguel_urban_crespo https://www.instagram.com/miguel_urban_crespo","1","5","5","IN","2022-04-06T13:11:13.694Z","réseau social","militant"
"4286","Instagram.com /silviamodig","http://instagram.com/silviamodig http://www.instagram.com/silviamodig https://instagram.com/silviamodig https://www.instagram.com/silviamodig","1","5","5","IN","2022-04-06T13:11:56.695Z","réseau social","professionnel de la politique"
"4287","Instagram.com /petroskokkalis","http://instagram.com/petroskokkalis http://www.instagram.com/petroskokkalis https://instagram.com/petroskokkalis https://www.instagram.com/petroskokkalis","1","5","5","IN","2022-04-06T13:11:36.259Z","réseau social","professionnel de la politique"
"4288","Instagram.com /stelioskouloglou","http://instagram.com/stelioskouloglou http://www.instagram.com/stelioskouloglou https://instagram.com/stelioskouloglou https://www.instagram.com/stelioskouloglou","1","5","5","IN","2022-04-06T13:12:27.752Z","réseau social","professionnel de la politique"
"4289","Instagram.com /theleft_eu","http://instagram.com/theleft_eu http://www.instagram.com/theleft_eu https://instagram.com/theleft_eu https://www.instagram.com/theleft_eu","1","5","5","IN","2022-04-06T13:12:54.090Z","réseau social","formation politique"
"4290","Instagram.com /younousomarjee","http://instagram.com/younousomarjee http://www.instagram.com/younousomarjee https://instagram.com/younousomarjee https://www.instagram.com/younousomarjee","2","8","8","IN","2022-04-06T13:13:29.877Z","réseau social","professionnel de la politique"
"4291","Instagram.com /leileila_chaibi","http://instagram.com/leileila_chaibi http://www.instagram.com/leileila_chaibi https://instagram.com/leileila_chaibi https://www.instagram.com/leileila_chaibi","1","8","8","IN","2022-04-06T13:08:22.938Z","réseau social","professionnel de la politique"
"4292","Instagram.com /emaurel","http://instagram.com/emaurel http://www.instagram.com/emaurel https://instagram.com/emaurel https://www.instagram.com/emaurel","1","8","8","IN","2022-04-06T12:59:32.849Z","réseau social","professionnel de la politique"
"4293","Instagram.com /annesophie.pelletier","http://instagram.com/annesophie.pelletier http://www.instagram.com/annesophie.pelletier https://instagram.com/annesophie.pelletier https://www.instagram.com/annesophie.pelletier","1","8","8","IN","2022-04-06T12:58:05.105Z","réseau social","professionnel de la politique"
"4776","Tiktok.com /%40jlmelenchon","http://tiktok.com/%40jlmelenchon http://www.tiktok.com/%40jlmelenchon https://tiktok.com/%40jlmelenchon https://www.tiktok.com/%40jlmelenchon","2","5","5","IN","2022-04-06T13:05:17.270Z","réseau social","candidat"
"4777","Tiktok.com /%40aquatennens","http://tiktok.com/%40aquatennens http://www.tiktok.com/%40aquatennens https://tiktok.com/%40aquatennens https://www.tiktok.com/%40aquatennens","0","5","4","IN","2022-04-06T13:06:49.399Z","réseau social","professionnel de la politique"
"4778","Tiktok.com /%40melenchonjl","http://tiktok.com/%40melenchonjl http://www.tiktok.com/%40melenchonjl https://tiktok.com/%40melenchonjl https://www.tiktok.com/%40melenchonjl","1","5","5","IN","2022-04-06T13:05:17.265Z","réseau social","candidat"
"4779","Tiktok.com /%40melenchon_2022","http://tiktok.com/%40melenchon_2022 http://www.tiktok.com/%40melenchon_2022 https://tiktok.com/%40melenchon_2022 https://www.tiktok.com/%40melenchon_2022","2","5","5","IN","2022-04-06T13:05:17.261Z","réseau social","candidat"
"4789","Reddit.com /.../melenchon","http://reddit.com/r/melenchon http://www.reddit.com/r/melenchon https://reddit.com/r/melenchon https://www.reddit.com/r/melenchon","1","18","15","IN","2022-04-06T13:30:40.210Z","réseau social","candidat"
"4790","Reddit.com /.../Ruffin","http://reddit.com/r/Ruffin http://www.reddit.com/r/Ruffin https://reddit.com/r/Ruffin https://www.reddit.com/r/Ruffin","2","17","16","IN","2022-04-06T13:35:29.826Z","réseau social","professionnel de la politique"
"4791","Reddit.com /.../podemos","http://reddit.com/r/podemos http://www.reddit.com/r/podemos https://reddit.com/r/podemos https://www.reddit.com/r/podemos","1","123","22","IN","2022-04-06T13:17:36.395Z","réseau social","formation politique"
"4792","Reddit.com /.../FrontdeGauche","http://reddit.com/r/FrontdeGauche http://www.reddit.com/r/FrontdeGauche https://reddit.com/r/FrontdeGauche https://www.reddit.com/r/FrontdeGauche","1","18","16","IN","2022-04-06T13:34:45.068Z","réseau social","formation politique"
"5262","T.me /FranceInsoumise","http://t.me/FranceInsoumise http://www.t.me/FranceInsoumise https://t.me/FranceInsoumise https://www.t.me/FranceInsoumise","1","42","15","IN","2022-04-06T13:07:10.628Z","réseau social","formation politique"
"5263","T.me /AQuatennens","http://t.me/AQuatennens http://www.t.me/AQuatennens https://t.me/AQuatennens https://www.t.me/AQuatennens","1","40","9","IN","2022-04-06T13:03:09.298Z","réseau social","professionnel de la politique"
"5264","T.me /JLMelenchon","http://t.me/JLMelenchon http://www.t.me/JLMelenchon https://t.me/JLMelenchon https://www.t.me/JLMelenchon","3","42","9","IN","2022-04-06T13:08:54.388Z","réseau social","candidat"
"5265","T.me /younousomarjee","http://t.me/younousomarjee http://www.t.me/younousomarjee https://t.me/younousomarjee https://www.t.me/younousomarjee","1","44","13","IN","2022-04-06T13:03:09.329Z","réseau social","professionnel de la politique"
"5266","T.me /leilachaibi","http://t.me/leilachaibi http://www.t.me/leilachaibi https://t.me/leilachaibi https://www.t.me/leilachaibi","1","4","4","IN","2022-04-06T13:03:09.313Z","réseau social","professionnel de la politique"
"5268","T.me /L_insoumission","http://t.me/L_insoumission http://www.t.me/L_insoumission https://t.me/L_insoumission https://www.t.me/L_insoumission","2","9","8","IN","2022-04-06T13:16:31.971Z","réseau social","média ami"
"5270","T.me /campagne_melenchon2022","http://t.me/campagne_melenchon2022 http://www.t.me/campagne_melenchon2022 https://t.me/campagne_melenchon2022 https://www.t.me/campagne_melenchon2022","1","33","8","IN","2022-04-06T13:16:06.616Z","réseau social","candidat"
"5271","T.me /YounousOmarjee","http://t.me/YounousOmarjee http://www.t.me/YounousOmarjee https://t.me/YounousOmarjee https://www.t.me/YounousOmarjee","1","4","4","IN","2022-04-06T13:03:09.304Z","réseau social","professionnel de la politique"
"5272","T.me /francoisruffin","http://t.me/francoisruffin http://www.t.me/francoisruffin https://t.me/francoisruffin https://www.t.me/francoisruffin","2","47","26","IN","2022-04-06T13:03:09.317Z","réseau social","professionnel de la politique"
"5273","T.me /franceinsoumise36","http://t.me/franceinsoumise36 http://www.t.me/franceinsoumise36 https://t.me/franceinsoumise36 https://www.t.me/franceinsoumise36","1","4","4","IN","2022-04-06T13:07:10.635Z","réseau social","formation politique"
"5274","T.me /manuelbompard","http://t.me/manuelbompard http://www.t.me/manuelbompard https://t.me/manuelbompard https://www.t.me/manuelbompard","1","4","4","IN","2022-04-06T13:03:09.310Z","réseau social","professionnel de la politique"
"5275","T.me /lejournaldelinsoumission","http://t.me/lejournaldelinsoumission http://www.t.me/lejournaldelinsoumission https://t.me/lejournaldelinsoumission https://www.t.me/lejournaldelinsoumission","2","4","4","IN","2022-04-06T13:08:26.304Z","réseau social","média ami"
"5276","T.me /ub_actu","http://t.me/ub_actu http://www.t.me/ub_actu https://t.me/ub_actu https://www.t.me/ub_actu","2","4","4","IN","2022-04-06T13:03:09.325Z","réseau social","professionnel de la politique"
"5278","T.me /ugobernalicis","http://t.me/ugobernalicis http://www.t.me/ugobernalicis https://t.me/ugobernalicis https://www.t.me/ugobernalicis","1","4","4","IN","2022-04-06T13:03:09.321Z","réseau social","professionnel de la politique"
"5279","T.me /BastienLachaud","http://t.me/BastienLachaud http://www.t.me/BastienLachaud https://t.me/BastienLachaud https://www.t.me/BastienLachaud","1","4","4","IN","2022-04-06T13:03:09.301Z","réseau social","professionnel de la politique"
"1","fr.Wikipedia.org /.../Front_de_gauche_(France)","http://fr.wikipedia.org/wiki/Front_de_gauche_(France) http://www.fr.wikipedia.org/wiki/Front_de_gauche_(France) https://fr.wikipedia.org/wiki/Front_de_gauche_(France) https://www.fr.wikipedia.org/wiki/Front_de_gauche_(France)","0","0","0","UNDECIDED","2022-04-05T12:15:28.193Z","",""
"2","fr.Wikipedia.org /.../Jean-Luc_Mélenchon","http://fr.wikipedia.org/wiki/Jean-Luc_M%C3%A9lenchon http://www.fr.wikipedia.org/wiki/Jean-Luc_M%C3%A9lenchon https://fr.wikipedia.org/wiki/Jean-Luc_M%C3%A9lenchon https://www.fr.wikipedia.org/wiki/Jean-Luc_M%C3%A9lenchon","1","1606","1","UNDECIDED","2022-04-05T12:15:28.183Z","",""
"3","fr.Wikipedia.org /.../La_France_insoumise","http://fr.wikipedia.org/wiki/La_France_insoumise http://www.fr.wikipedia.org/wiki/La_France_insoumise https://fr.wikipedia.org/wiki/La_France_insoumise https://www.fr.wikipedia.org/wiki/La_France_insoumise","1","925","1","UNDECIDED","2022-04-05T12:15:28.202Z","",""
"4","fr.Wikipedia.org /.../Parti_de_gauche","http://fr.wikipedia.org/wiki/Parti_de_gauche http://www.fr.wikipedia.org/wiki/Parti_de_gauche https://fr.wikipedia.org/wiki/Parti_de_gauche https://www.fr.wikipedia.org/wiki/Parti_de_gauche","0","3","1","UNDECIDED","2022-04-05T12:15:28.188Z","",""
"224","Jean-Jaures.org","http://jean-jaures.org http://www.jean-jaures.org https://jean-jaures.org https://www.jean-jaures.org","4","7","0","UNDECIDED","2022-04-05T10:33:36.993Z","",""
"258","Twitch.tv","http://twitch.tv http://www.twitch.tv https://twitch.tv https://www.twitch.tv","7","18","0","UNDECIDED","2022-04-06T09:32:19.289Z","",""
"446","Whatsapp.com","http://whatsapp.com http://www.whatsapp.com https://whatsapp.com https://www.whatsapp.com","5","2461","148","UNDECIDED","2022-04-06T13:41:00.230Z","",""
"478","Facebook.com /events","http://facebook.com/events http://www.facebook.com/events https://facebook.com/events https://www.facebook.com/events","18","63","0","UNDECIDED","2022-04-06T09:06:27.591Z","",""
"1113","Medelu.org","http://medelu.org http://www.medelu.org https://medelu.org https://www.medelu.org","4","21","0","UNDECIDED","2022-04-06T12:02:56.894Z","",""
"1222","Micmousse-Resiste.blogspot.com","http://micmousse-resiste.blogspot.com http://www.micmousse-resiste.blogspot.com https://micmousse-resiste.blogspot.com https://www.micmousse-resiste.blogspot.com","3","1","0","UNDECIDED","2022-04-07T10:31:20.829Z","",""
"1675","Romainblachier.fr","http://romainblachier.fr http://www.romainblachier.fr https://romainblachier.fr https://www.romainblachier.fr","3","1","0","UNDECIDED","2022-04-07T10:44:36.231Z","",""
"1938","Facebook.com /watch","http://facebook.com/watch http://www.facebook.com/watch https://facebook.com/watch https://www.facebook.com/watch","7","13","0","UNDECIDED","2022-04-06T10:09:07.800Z","",""
"1997","Guillaumerobin.github.io","http://guillaumerobin.github.io http://www.guillaumerobin.github.io https://guillaumerobin.github.io https://www.guillaumerobin.github.io","3","4","0","UNDECIDED","2022-04-06T13:55:34.711Z","site","militant"
"3561","Barcelonaencomu.cat","http://barcelonaencomu.cat http://www.barcelonaencomu.cat https://barcelonaencomu.cat https://www.barcelonaencomu.cat","3","4","0","UNDECIDED","2022-04-07T10:26:40.961Z","",""
"5267","T.me /NouvellesEcoSocialistes","http://t.me/NouvellesEcoSocialistes http://www.t.me/NouvellesEcoSocialistes https://t.me/NouvellesEcoSocialistes https://www.t.me/NouvellesEcoSocialistes","1","1","0","UNDECIDED","2022-04-06T12:17:34.185Z","",""