web_entity_id,name,Thème,candidat,parti,tfidf,total_tfidf,souches,adn,clonage,telethon,bioethique,ogm,FIV,embryon,eugenisme,vache_folle,genome,transgenetique,avortement,genes,brevets,bayer,chretien
1,Demlib.com,Formations politiques,MADELIN Alain,,adn|eugenisme|genome|FIV|genes|chretien|brevets|embryon|clonage|ogm|transgenetique|telethon|vache_folle|avortement|bioethique|souches,12284,246,26,824,74,1097,178,802,1071,132,2215,735,118,672,2035,1307,,752
2,Udf.org,Formations politiques,BAYROU François,,eugenisme|genome|FIV|genes|chretien|brevets|embryon|clonage|ogm|vache_folle|avortement|bioethique|souches,12437,126,,275,,8091,42,230,420,125,1099,99,,374,615,235,,706
3,Mei-Fr.org,Formations politiques,WAECHTER Antoine,,adn|genome|FIV|genes|chretien|brevets|embryon|clonage|ogm|bayer|transgenetique|vache_folle|avortement|souches,3908,146,133,52,,,212,29,29,,697,171,1027,104,1080,170,29,29
4,Mdc-France.org,Formations politiques,CHEVÉNEMENT Jean-Pierre,,eugenisme|genome|FIV|genes|brevets|embryon|clonage|vache_folle|avortement|bioethique|souches,1508,119,,99,,78,,66,78,33,336,66,,99,195,339,,
5,Rpr.asso.fr,Formations politiques,divers,,eugenisme|genome|FIV|genes|chretien|brevets|embryon|clonage|transgenetique|vache_folle|avortement|bioethique,1147,,,53,,97,,53,17,46,181,17,46,34,259,286,,58
6,Pcf.fr,science politique,HUE Robert,,adn|eugenisme|genome|FIV|genes|chretien|brevets|embryon|clonage|ogm|bayer|transgenetique|telethon|vache_folle|avortement|bioethique|souches,44814,1069,432,3027,345,14945,79,1618,2900,140,2794,2914,796,291,6539,5225,85,1615
7,Planeteradicale.org,science politique,TAUBIRA Christiane,,genome|FIV|genes|chretien|brevets|embryon|clonage|transgenetique|vache_folle|avortement|bioethique|souches,3035,111,,240,,255,,142,444,,269,36,67,323,374,174,,600
8,Parti-Socialiste.fr,science politique,JOSPIN Lionel,,genome|FIV|genes|chretien|brevets|embryon|clonage|transgenetique|telethon|vache_folle|avortement|bioethique|souches,32644,232,,776,391,254,,120,256,,3945,76,204,9042,6186,5874,,5288
9,Roberthue2002.net,,HUE Robert,,genome|FIV|genes|chretien|brevets|embryon|clonage|telethon|vache_folle|avortement|bioethique|souches,2622,74,,369,40,561,,127,139,,315,89,,94,284,337,,193
10,Chevenement.net,,,,adn|eugenisme|genome|FIV|genes|chretien|brevets|embryon|clonage|bayer|vache_folle|avortement|bioethique|souches,1499,114,38,207,,3,,16,109,26,32,2,,106,354,83,10,399
11,Lcr-Rouge.org,Formations politiques,BESANCENOT Olivier,,adn|eugenisme|genome|FIV|genes|chretien|brevets|embryon|clonage|ogm|bayer|transgenetique|telethon|vache_folle|avortement|bioethique|souches,12449,222,108,392,54,54,193,389,495,270,2838,245,1001,1672,1460,1333,56,1667
12,Generation-Ecologie.com,Formations politiques,LALONDE Brice,,adn|eugenisme|genome|FIV|genes|chretien|brevets|embryon|clonage|ogm|bayer|transgenetique|vache_folle|avortement|bioethique|souches,10652,1117,254,975,,97,24,316,337,326,1828,136,1273,318,1771,680,88,1112
13,Mpf-Villiers.org,Formations politiques,divers,,eugenisme|genome|FIV|genes|chretien|brevets|embryon|clonage|vache_folle|avortement|bioethique|souches,1912,64,,130,,208,,174,158,170,366,80,,212,269,58,,23
14,Noelmamere.eu.org,Candidats,MAMÈRE Noël,,adn|eugenisme|genome|FIV|genes|chretien|brevets|embryon|clonage|transgenetique|vache_folle|avortement|bioethique|souches,7532,190,54,237,,1764,,244,212,48,706,108,196,185,1026,2510,,52
15,Temps-Reels.net,Soutiens et antis,JOSPIN Lionel,,adn|eugenisme|genome|FIV|genes|chretien|brevets|embryon|clonage|telethon|vache_folle|avortement|souches,1284,5,20,76,4,,,74,40,20,76,38,,60,102,765,,4
16,Corinne-Lepage.com,Candidats,LEPAGE Corinne,,genome|genes|chretien|brevets|embryon|clonage|ogm|transgenetique|vache_folle|avortement|bioethique|souches,2972,72,,110,,35,39,,38,,1046,70,179,35,702,578,,68
17,Front-National.com,Formations politiques,LE PEN Jean-Marie,,adn|genome|FIV|genes|chretien|brevets|embryon|clonage|ogm|transgenetique|vache_folle|avortement|bioethique|souches,1824,195,14,76,,34,28,28,69,,477,32,14,263,165,106,,323
18,Ladepeche.com,,,,adn|eugenisme|genome|FIV|genes|chretien|brevets|embryon|clonage|ogm|bayer|transgenetique|telethon|vache_folle|avortement|bioethique|souches,147795,4271,2056,4392,14232,253,1387,4543,1422,5,36126,1173,11749,4063,16930,7778,621,36794
19,Laurent-Dominati.net,Candidats,,,genome|FIV|genes|chretien|brevets|embryon|ogm|telethon|vache_folle|bioethique,151,,,,8,5,5,13,18,,34,5,,,5,21,,37
20,Lemulot.com,Soutiens et antis,CHIRAC Jacques,,genome|FIV|genes|chretien|brevets|embryon|clonage|transgenetique|telethon|vache_folle|avortement|bioethique|souches,314,12,,85,10,10,,15,5,,32,5,5,15,35,51,,34
21,perso.Wanadoo.fr,,,,adn|eugenisme|genome|FIV|genes|chretien|brevets|embryon|clonage|ogm|bayer|transgenetique|telethon|vache_folle|avortement|bioethique|souches,4851,103,46,116,127,183,93,225,152,56,1497,88,201,322,752,522,6,362
22,socdem.Free.fr,Soutiens et antis,JOSPIN Lionel,,,,,,,,,,,,,,,,,,,,
23,solidariteetprogres.Online.fr,Formations politiques,CHEMINADE Jacques,,,,,,,,,,,,,,,,,,,,
24,2002pourlafrance.net,,,,genome|genes|chretien|brevets|clonage|transgenetique|telethon|vache_folle|avortement|bioethique|souches,1997,142,,24,6,4,,,,,754,2,2,130,449,54,,430
26,Chevenement2002.com,Candidats,CHEVÉNEMENT Jean-Pierre,,adn|eugenisme|genome|FIV|genes|chretien|brevets|embryon|clonage|bayer|transgenetique|telethon|vache_folle|avortement|bioethique|souches,32714,4825,609,2391,51,39,,395,1340,209,2821,52,13,3101,4861,4059,127,7821
27,Chiracaveclafrance.net,Candidats,CHIRAC Jacques,,adn|eugenisme|genome|FIV|genes|chretien|brevets|clonage|transgenetique|telethon|vache_folle|avortement|bioethique|souches,34475,2070,38,306,82,34,,130,,362,10962,18,32,3590,5535,5564,,5752
28,Christianetaubira.org,Candidats,TAUBIRA Christiane,,genome|FIV|genes|chretien|brevets|embryon|clonage|transgenetique|vache_folle|avortement|bioethique|souches,1858,71,,142,,157,,92,269,,167,24,44,223,214,96,,359
29,Lapolitique.com,"Portails spécialisés présidentielles, répertoires, annuaires, autres",TOUS,,eugenisme|genome|FIV|genes|chretien|brevets|embryon|clonage|bayer|vache_folle|avortement|bioethique|souches,2971,76,,50,,988,,219,51,32,709,17,,221,85,270,51,202
30,Les-Verts.org,Formations politiques,MAMÈRE Noël,,adn|eugenisme|genome|FIV|genes|chretien|brevets|embryon|clonage|ogm|bayer|transgenetique|vache_folle|avortement|bioethique|souches,10034,97,54,370,,232,178,121,156,148,2484,81,1724,529,2420,796,88,556
25,Auxurnescitoyens.com,"Portails spécialisés présidentielles, répertoires, annuaires, autres",TOUS,,genome|chretien|telethon,431,,,,5,,,,,,,94,,,,,,332
31,Lioneljospin.net,Candidats,JOSPIN Lionel,,genome|genes|chretien|brevets|embryon|telethon|vache_folle|avortement|bioethique|souches,4401,38,,,777,193,,,233,,723,657,,59,765,462,,494
32,M-N-R.com,Formations politiques,MÉGRET Bruno,,eugenisme|genome|FIV|genes|chretien|brevets|embryon|clonage|transgenetique|vache_folle|avortement|souches,6246,786,,45,,,,172,231,101,1606,99,286,900,384,260,,1376
33,Professionpolitique.com,Analyses et observatoires,TOUS,,eugenisme|genome|FIV|genes|chretien|brevets|embryon|clonage|transgenetique|telethon|vache_folle|avortement|bioethique|souches,866,10,,38,11,78,,62,27,2,146,20,9,50,205,131,,77
34,France-Sites.com,,,,adn|genome|FIV|genes|chretien|brevets|clonage|telethon|vache_folle|souches,1300,121,165,22,68,,,44,,,231,44,,,66,66,,473
35,Journaldunet.com,économie,,,adn|genome|FIV|genes|chretien|brevets|embryon|clonage|bayer|transgenetique|telethon|vache_folle|avortement|bioethique,5390,,85,167,109,17,,1412,1520,,514,43,47,228,94,896,186,72
36,Turigoloukoi.com,,,,adn|genome|FIV|genes|chretien|clonage|vache_folle|avortement,89,,28,8,,,,8,,,16,4,,8,12,,,5
37,Christineboutin2002.com,Candidats,BOUTIN Christine,,adn|eugenisme|genome|FIV|genes|chretien|brevets|embryon|clonage|avortement|bioethique|souches,968,62,12,106,,165,,32,249,96,,12,,134,56,24,,20
38,Csa.fr,autorités indépendantes,,,adn|genome|FIV|genes|chretien|brevets|embryon|clonage|vache_folle|avortement|souches,198,10,10,10,,,,10,40,,10,10,,10,40,10,,38
39,Actupp.org,,,,adn|eugenisme|genome|FIV|genes|chretien|brevets|bayer|transgenetique|vache_folle|avortement|souches,1677,85,38,,,,,80,,20,39,16,82,168,58,883,106,102
40,alainfabrepujol.Free.fr,Candidats,,,,,,,,,,,,,,,,,,,,,
41,pluriel.Free.fr,Soutiens et antis,JOSPIN Lionel,,,,,,,,,,,,,,,,,,,,
42,2002enseignement-Recherche.net,Soutiens et antis,JOSPIN Lionel,,genome|genes|brevets|telethon|vache_folle|bioethique,203,,,,32,38,,,,,38,27,,,38,30,,
44,Aschieri.net,Candidats,divers,,genome|FIV|genes|chretien|brevets|embryon|clonage|ogm|transgenetique|vache_folle|avortement|bioethique|souches,498,10,,10,,30,10,10,20,,132,20,21,10,143,72,,10
45,Fromion.org,Candidats,,,genome|FIV|genes|clonage|vache_folle|souches,40,4,,4,,,,4,,,16,4,,,8,,,
43,Andre-Gerin-Depute.net,Candidats,,,genome|FIV|genes|brevets|embryon|clonage|bayer|vache_folle|bioethique|souches,108,4,,4,,12,,4,4,,24,4,,,12,28,12,
46,groupe-communiste.Assemblee-Nationale.fr,Formations politiques,,,adn|eugenisme|genome|FIV|genes|chretien|brevets|embryon|clonage|ogm|bayer|transgenetique|telethon|vache_folle|avortement|bioethique|souches,10697,295,169,283,56,891,342,961,676,111,1893,256,205,581,1490,1870,23,595
47,Jean-Francoismattei.com,Candidats,,,eugenisme|genome|FIV|genes|brevets|embryon|clonage|vache_folle|avortement|bioethique|souches,3734,22,,114,,1090,,82,86,40,70,40,,12,1090,1088,,
48,Mhr-Viandes.com,,,,adn|genome|FIV|genes|chretien|brevets|embryon|clonage|ogm|bayer|transgenetique|vache_folle|avortement|souches,6968,228,128,280,,,120,282,174,,4458,86,180,38,812,94,8,80
49,Olivierbesancenot.org,Candidats,BESANCENOT Olivier,,genome|genes|chretien|brevets|clonage|ogm|transgenetique|vache_folle|avortement|souches,1138,56,,64,,,32,,,,220,48,64,192,176,216,,70
50,Plagnol.org,Candidats,,,eugenisme|genome|FIV|genes|brevets|embryon|clonage|bioethique,108,,,8,,28,,8,8,8,,20,,,20,8,,
51,Premier-Ministre.gouv.fr,Officiels et institutionnels,divers,,adn|eugenisme|genome|FIV|genes|chretien|brevets|embryon|clonage|ogm|transgenetique|telethon|vache_folle|avortement|bioethique|souches,5394,170,15,182,122,722,63,289,200,6,1217,279,159,129,682,701,,458
52,Sclerose-En-Plaques.com.fr,,,,genome|FIV|genes|brevets|clonage|telethon|vache_folle,96,,,12,4,,,4,,,4,12,,,56,4,,
53,Chiennesdegarde.org,,,,adn|eugenisme|genome|FIV|genes|chretien|brevets|embryon|clonage|ogm|transgenetique|telethon|vache_folle|avortement|bioethique|souches,88401,1330,5350,3763,3,49,3,3554,7184,323,21028,31,1171,19315,15177,373,,9747
54,ecorev.Free.fr,,,,adn|eugenisme|genome|FIV|genes|chretien|brevets|embryon|clonage|ogm|bayer|transgenetique|telethon|vache_folle|avortement|bioethique|souches,8207,79,30,131,16,4618,31,260,102,26,690,78,79,358,481,531,20,677
55,hns.Samizdat.net,Formations politiques,TOUS,,,,,,,,,,,,,,,,,,,,
56,Elysee.fr,administration centrale,CHIRAC Jacques,,adn|eugenisme|genome|FIV|genes|chretien|brevets|embryon|clonage|ogm|telethon|vache_folle|bioethique|souches,862,12,4,47,2,92,2,29,24,6,166,62,,,116,102,,198
57,Expression-Publique.com,science politique,,,genome|brevets|embryon|clonage|bioethique,75,,,18,,18,,,18,,,18,,,,3,,
58,Largeur.com,,,,adn|eugenisme|genome|FIV|genes|chretien|brevets|embryon|clonage|ogm|bayer|transgenetique|vache_folle|avortement|bioethique|souches,19082,278,62,220,,2,12,222,178,26,1078,2,56,15239,622,88,4,993
59,Rajf.org,droit,,,eugenisme|genome|FIV|genes|chretien|brevets|embryon|clonage|ogm|bayer|vache_folle|avortement|bioethique|souches,80,2,,6,,10,2,6,10,4,4,4,,10,10,6,2,4
60,Senat.fr,administration centrale,TOUS,,adn|eugenisme|genome|FIV|genes|chretien|brevets|embryon|clonage|ogm|bayer|transgenetique|telethon|vache_folle|avortement|bioethique|souches,15247,494,189,372,76,601,395,1571,883,115,3355,430,313,662,2300,2450,45,996
61,Laicite-Republique.org,*non classé,,,adn|genome|FIV|genes|chretien|brevets|embryon|clonage|vache_folle|avortement|bioethique|souches,1044,20,16,24,,32,,36,24,,8,12,,24,70,12,,766
62,lemaquis.Ouvaton.org,Divers,LE PEN Jean-Marie,,,,,,,,,,,,,,,,,,,,
63,presidentielles2002.Citegay.fr,Soutiens et antis,divers,,,,,,,,,,,,,,,,,,,,
64,Ajc.net,Soutiens et antis,CHIRAC Jacques,,genome|FIV|genes|chretien|brevets|embryon|clonage|transgenetique|telethon|vache_folle|avortement|bioethique|souches,264,12,,68,8,8,,12,4,,32,4,4,12,28,44,,28
65,Cef.fr,,,,eugenisme|genome|FIV|genes|chretien|brevets|embryon|clonage|ogm|telethon|vache_folle|avortement|bioethique|souches,7593,45,,61,8,350,4,71,127,18,24,10,,126,83,4,,6662
66,Raslfront.org,Soutiens et antis,LE PEN Jean-Marie,,adn|eugenisme|genome|FIV|genes|chretien|brevets|embryon|clonage|ogm|transgenetique|vache_folle|avortement|bioethique|souches,1274,64,26,48,,14,8,52,38,38,42,8,8,402,88,8,,430
67,elections.Lemonde.fr,Médias traditionnels,divers,,,,,,,,,,,,,,,,,,,,
68,Assemblee-Nationale.fr,administration centrale,TOUS,,adn|eugenisme|genome|FIV|genes|chretien|brevets|embryon|clonage|ogm|bayer|transgenetique|telethon|vache_folle|avortement|bioethique|souches,10697,295,169,283,56,891,342,961,676,111,1893,256,205,581,1490,1870,23,595
69,Ambafrance-Il.org,,,,genome|genes|chretien|brevets|embryon|clonage|ogm|bayer|vache_folle|avortement|souches,136,2,,4,,,2,,8,,18,2,,16,16,4,2,62
70,Infodujour.com,,,,adn|eugenisme|genome|FIV|genes|chretien|brevets|clonage|telethon|vache_folle|avortement|souches,684,9,21,44,35,,,18,,21,219,7,,35,63,42,,170
71,Lexpress.fr,presse nationale,,,eugenisme|genome|FIV|genes|chretien|brevets|vache_folle|avortement|bioethique,236,,,,,6,,17,,3,88,5,,36,28,23,,30
72,infos.Samizdat.net,,,,adn|eugenisme|genome|FIV|genes|chretien|brevets|embryon|clonage|ogm|transgenetique|telethon|vache_folle|avortement|bioethique|souches,3261,34,129,96,4,2,8,22,66,18,268,59,256,221,738,774,,566
73,mdh.limoges.Free.fr,,,,adn|eugenisme|genome|FIV|genes|chretien|brevets|embryon|clonage|ogm|bayer|transgenetique|telethon|vache_folle|avortement|bioethique|souches,8207,79,30,131,16,4618,31,260,102,26,690,78,79,358,481,531,20,677
74,membres.Lycos.fr,,,,adn|eugenisme|genome|FIV|genes|chretien|brevets|embryon|clonage|ogm|bayer|transgenetique|telethon|vache_folle|avortement|bioethique|souches,1741,75,31,49,68,38,14,50,103,8,213,30,58,338,232,76,32,326
75,Cgt.fr,science politique,,,eugenisme|genome|genes|brevets|embryon|bayer|telethon|vache_folle|avortement|bioethique,194,,,,20,4,,,6,4,52,20,,20,40,24,4,
76,Mauvaisgenres.com,,,,adn|eugenisme|genome|FIV|genes|chretien|brevets|embryon|clonage|transgenetique|telethon|vache_folle|avortement|bioethique|souches,780,24,28,112,4,4,,24,24,4,172,16,8,48,172,8,,132
77,Trdd.org,,,,adn|eugenisme|genome|FIV|genes|chretien|brevets|embryon|clonage|transgenetique|vache_folle|avortement|bioethique|souches,942,20,4,20,,40,,106,68,250,24,4,16,274,48,4,,64
78,digipressetmp4.Teaser.fr,,,,adn|genome|FIV|genes|chretien|brevets|embryon|clonage|ogm|bayer|transgenetique|avortement|bioethique|souches,6308,308,204,690,,100,668,104,206,,,772,100,218,1080,116,1216,526
79,Academie-Sciences.fr,sciences--généralités,,,adn|genome|FIV|genes|chretien|brevets|embryon|clonage|transgenetique|telethon|vache_folle|avortement|bioethique|souches,450,21,34,25,3,14,,19,15,,23,106,28,1,130,26,,5
80,Bilanchirac.net,Humour,CHIRAC Jacques,,genome|FIV|genes|chretien|brevets|embryon|transgenetique|vache_folle|avortement|souches,152,2,,,,,,2,8,,53,2,9,21,2,9,,44
81,C6r-Fr.org,Formations politiques,divers,,adn|genome|genes|chretien|brevets|embryon|clonage|telethon|vache_folle,147,,16,14,16,,,,16,,19,20,,,22,22,,2
82,Fluctuat.net,Soutiens et antis,LE PEN Jean-Marie,,adn|eugenisme|genome|FIV|genes|chretien|brevets|embryon|clonage|ogm|bayer|transgenetique|telethon|vache_folle|avortement|bioethique|souches,2122,40,48,258,30,6,6,57,31,30,614,36,78,153,338,24,3,370
83,Mrap.asso.fr,Divers,LE PEN Jean-Marie,,adn|genome|FIV|genes|chretien|brevets|avortement|bioethique|souches,128,12,12,,,6,,6,,,,6,,12,26,6,,42
84,Reforme.net,,,,adn|eugenisme|genome|FIV|genes|chretien|brevets|embryon|clonage|transgenetique|vache_folle|avortement|bioethique|souches,2678,44,18,36,,66,,54,54,12,100,54,24,172,110,44,,1890
85,Uzine.net,,,,adn|eugenisme|genome|FIV|genes|chretien|brevets|embryon|clonage|ogm|bayer|transgenetique|telethon|vache_folle|avortement|bioethique|souches,536,16,10,28,2,2,2,16,36,6,116,4,12,42,94,124,2,24
86,Topchretien.com,,,,adn|eugenisme|genome|FIV|genes|chretien|brevets|embryon|clonage|ogm|bayer|transgenetique|telethon|vache_folle|avortement|bioethique|souches,86307,865,391,1480,68,389,15,982,1180,300,252,110,33,2351,1392,259,29,76211
87,dominique.bailly.93.Free.fr,Candidats,,,,,,,,,,,,,,,,,,,,,
88,bdr13.Pcf.fr,Formations politiques,,,adn|eugenisme|genome|FIV|genes|chretien|brevets|embryon|clonage|ogm|bayer|transgenetique|telethon|vache_folle|avortement|bioethique|souches,44814,1069,432,3027,345,14945,79,1618,2900,140,2794,2914,796,291,6539,5225,85,1615
89,2002.Scrutins.net,,,,eugenisme|genome|FIV|genes|chretien|brevets|embryon|clonage|vache_folle|avortement|bioethique,90,,,2,,4,,16,2,2,6,2,,4,6,4,,42
90,elections.Ladepeche.com,,,,adn|eugenisme|genome|FIV|genes|chretien|brevets|embryon|clonage|ogm|bayer|transgenetique|telethon|vache_folle|avortement|bioethique|souches,147795,4271,2056,4392,14232,253,1387,4543,1422,5,36126,1173,11749,4063,16930,7778,621,36794
91,jeanclaude.lefort.Free.fr,Candidats,,,,,,,,,,,,,,,,,,,,,
92,vertsmp.Free.fr,,,,,,,,,,,,,,,,,,,,,,
93,Alternatifs.org,science politique,,,genome|FIV|genes|chretien|brevets|clonage|transgenetique|vache_folle|avortement|souches,261,6,,18,,,,6,,,60,6,12,18,60,24,,51
94,Emmanuelle-Prouet.org,Candidats,,,genome|FIV|genes|brevets|embryon|clonage|vache_folle|bioethique|souches,33,3,,3,,9,,3,3,,3,3,,,3,3,,
95,Hellier2002.com,Candidats,,,genome|FIV|genes|brevets|embryon|clonage|ogm|vache_folle|bioethique|souches,90,6,,6,,18,6,6,6,,12,6,,,12,12,,
96,mdc.arras.Free.fr,Formations politiques,,,,,,,,,,,,,,,,,,,,,
97,mpf30.Free.fr,,,,adn|eugenisme|genome|FIV|genes|chretien|brevets|embryon|clonage|ogm|bayer|transgenetique|telethon|vache_folle|avortement|bioethique|souches,8207,79,30,131,16,4618,31,260,102,26,690,78,79,358,481,531,20,677
98,prg35.Free.fr,Formations politiques,,,,,,,,,,,,,,,,,,,,,
99,ps.aix.Free.fr,Formations politiques,,,,,,,,,,,,,,,,,,,,,
100,Davidlorion.net,Candidats,,,genome|genes|chretien|clonage,24,,,4,,,,,,,,4,,,4,,,12
101,Herve-Morin.net,Candidats,,,genome|genes|brevets|clonage|vache_folle|avortement,188,,,4,,,,,,,140,8,,12,8,16,,
102,Pcf-Rhone.net,Formations politiques,,,genome|FIV|genes|chretien|brevets|embryon|clonage|ogm|vache_folle|avortement,36,,,2,,,2,2,2,,6,2,,4,6,2,,8
103,Prg-2b.org,Formations politiques,,,genome|chretien|brevets|embryon|telethon|vache_folle,44,,,,4,,,,12,,8,4,,,,8,,8
104,Ps-Nord.org,Formations politiques,,,genome|brevets|vache_folle|bioethique,16,,,,,2,,,,,8,2,,,,4,,
105,Ps-Paris15mitterrand.org,Formations politiques,,,genome|genes|chretien|brevets|embryon|clonage|vache_folle|avortement|bioethique,90,,,10,,20,,,8,,11,5,,5,8,10,,13
106,Roger-Mei.org,Candidats,,,eugenisme|genome|FIV|genes|chretien|brevets|embryon|clonage|transgenetique|vache_folle|bioethique|souches,112,4,,6,,30,,10,8,2,4,12,2,,14,18,,2
107,U-M-P.org,diffusion des connaissances,divers,,adn|eugenisme|genome|FIV|genes|chretien|brevets|clonage|transgenetique|telethon|vache_folle|avortement|souches,16437,1050,24,437,20,,,67,,712,4482,4,10,2216,2898,1663,,2854
108,lesverts.eragny.Free.fr,Formations politiques,,,,,,,,,,,,,,,,,,,,,
109,m.jeanson.Free.fr,,,,adn|eugenisme|genome|FIV|genes|chretien|brevets|embryon|clonage|ogm|bayer|transgenetique|telethon|vache_folle|avortement|bioethique|souches,8207,79,30,131,16,4618,31,260,102,26,690,78,79,358,481,531,20,677
110,verts95.Ouvaton.org,Formations politiques,,,,,,,,,,,,,,,,,,,,,
111,vertsdelyonne.Free.fr,Formations politiques,,,,,,,,,,,,,,,,,,,,,
112,Daniel-Lebigot.net,Candidats,,,genome|brevets,2,,,,,,,,,,,1,,,,1,,
113,Nouvelledonne.net,Candidats,divers,,genome|genes|chretien|brevets|embryon|vache_folle|avortement,248,,,,,,,,32,,16,40,,28,44,60,,28
164,Inra.fr,agronomie,,,,,,,,,,,,,,,,,,,,,
183,Inserm.fr,santé,,,,,,,,,,,,,,,,,,,,,
282,Agriculture.gouv.fr,administration centrale,,,,,,,,,,,,,,,,,,,,,
289,Afssa.fr,autorités indépendantes,,,,,,,,,,,,,,,,,,,,,
324,Greenpeace.fr,militantismes écologistes,,,,,,,,,,,,,,,,,,,,,
326,Confederationpaysanne.fr,science politique,,,genes|brevets|vache_folle,7,,,,,,,,,,5,,,,1,1,,
334,Infogm.org,agronomie,,,,,,,,,,,,,,,,,,,,,
416,Greenpeace.fr /.../ogm,"associations, syndicats et ONG",,,,,,,,,,,,,,,,,,,,,
484,Amisdelaterre.org,"associations, syndicats et ONG",,,,,,,,,,,,,,,,,,,,,
639,Agrisalon.com,agronomie,,,,,,,,,,,,,,,,,,,,,
874,Cite-Sciences.fr /.../vache_folle,sciences--généralités,,,,,,,,,,,,,,,,,,,,,
875,Cite-Sciences.fr /.../bioethiq,sciences,,,,,,,,,,,,,,,,,,,,,
879,Cnrs.fr /SDV,établissements publics,,,,,,,,,,,,,,,,,,,,,
888,Globenet.org /tri,,,,FIV|genes|chretien|transgenetique|vache_folle,30,,,,,,,2,,,16,,2,,4,,,6
1108,Sante.gouv.fr /egs,administration centrale,,,,,,,,,,,,,,,,,,,,,
1109,Sante.gouv.fr /.../actu,administration centrale,,,,,,,,,,,,,,,,,,,,,
133,Courrierinternational.com,presse,,,,,,,,,,,,,,,,,,,,,
116,Latribune.fr,presse nationale,,,eugenisme|FIV|genes|chretien|brevets|embryon|clonage|ogm|transgenetique|telethon|vache_folle|avortement|bioethique,461,,,26,10,22,8,8,21,8,158,,6,6,94,71,,23
117,Lefigaro.fr,presse nationale,,,,,,,,,,,,,,,,,,,,,
127,Liberation.fr,presse nationale,,,adn|FIV|genes|chretien|brevets|embryon|clonage|ogm|bayer|transgenetique|vache_folle|avortement|bioethique|souches,437,23,10,28,,2,4,17,18,,87,,6,56,33,35,10,108
147,fr.news.Yahoo.com,portail d'information,,,adn|brevets|telethon|vache_folle|avortement,50,,2,,4,,,,,,12,,,24,,8,,
151,Lemonde.fr,presse nationale,,,adn|eugenisme|genome|FIV|genes|chretien|brevets|embryon|clonage|ogm|transgenetique|vache_folle|avortement|bioethique|souches,2405,30,2,880,,30,6,28,22,12,179,12,16,50,280,692,,166
179,Radio-France.fr,Médias traditionnels,TOUS,,bioethique,9,,,,,9,,,,,,,,,,,,
191,Cite-Sciences.fr,sciences,,,,,,,,,,,,,,,,,,,,,
203,Humanite.presse.fr,,,,chretien|embryon|avortement,6,,,,,,,,2,,,,,2,,,,2
209,Afp.com,presse,,,,,,,,,,,,,,,,,,,,,
279,Midilibre.com,Médias traditionnels,TOUS,,FIV|genes|chretien|clonage|vache_folle|avortement|souches,166,28,,14,,,,2,,,62,,,20,14,,,26
335,Globenet.org,,,,FIV|genes|chretien|transgenetique|vache_folle,30,,,,,,,2,,,16,,2,,4,,,6
404,Cndp.fr,autre administration,,,,,,,,,,,,,,,,,,,,,
465,Agora21.org,sciences de l'environnement,,,,,,,,,,,,,,,,,,,,,
542,Chez.com,,,,eugenisme|FIV|genes|chretien|brevets|embryon|clonage|transgenetique|vache_folle|avortement|bioethique|souches,300,8,,8,,12,,8,8,4,44,,27,28,59,12,,82
114,Respublica.fr,,,,vache_folle,12,,,,,,,,,,12,,,,,,,
128,Libres.org,publications en série,,,eugenisme|FIV|genes|chretien|brevets|embryon|clonage|ogm|transgenetique|vache_folle|avortement|bioethique,138,,,6,,2,4,4,6,6,14,,6,30,16,18,,26
130,Conscience-Politique.org,,,,FIV|vache_folle|souches,101,16,,,,,,4,,,81,,,,,,,
134,jdj.Leparisien.com,,,,adn|FIV|genes|chretien|embryon|clonage|vache_folle|avortement,218,,4,6,,,,6,18,,136,,,4,20,,,24
136,epp-ed.Europarl.eu.int,,,,,,,,,,,,,,,,,,,,,,
123,Valeursactuelles.com,presse,,,,,,,,,,,,,,,,,,,,,
125,Lesechos.fr,presse,,,FIV|genes|chretien|brevets|clonage|vache_folle|avortement|bioethique,182,,,18,,26,,4,,,64,,,16,13,39,,2
138,Sitelibre.com,,,,eugenisme|chretien|vache_folle|avortement,36,,,,,,,,,6,18,,,6,,,,6
141,Insee.fr,éditeurs officiels,,,,,,,,,,,,,,,,,,,,,
143,Telerama.fr,presse nationale,,,,,,,,,,,,,,,,,,,,,
162,Lexpansion.com,,,,vache_folle,4,,,,,,,,,,4,,,,,,,
152,www-compat.Tf1.fr,,,,eugenisme|genes|chretien|brevets|embryon|transgenetique|vache_folle|avortement|bioethique|souches,168,8,,,,10,,,12,12,2,,12,16,58,24,,14
154,Leparisien.fr,presse,,,FIV|chretien|embryon|clonage|telethon|vache_folle|avortement|souches,112,5,,15,5,,,7,25,,30,,,10,,,,15
155,Cnil.fr,autorités indépendantes,,,,,,,,,,,,,,,,,,,,,
156,Ccomptes.fr,administration centrale,,,,,,,,,,,,,,,,,,,,,
158,Francois-Goulard.com,Candidats,,,,,,,,,,,,,,,,,,,,,
170,Zdnet.fr,informatique,,,,,,,,,,,,,,,,,,,,,
194,Genethon.fr,santé,,,,,,,,,,,,,,,,,,,,,
196,Legifrance.gouv.fr,éditeurs officiels,,,,,,,,,,,,,,,,,,,,,
200,infos.Tf1.fr,,,,eugenisme|genes|chretien|brevets|embryon|transgenetique|vache_folle|avortement|bioethique|souches,168,8,,,,10,,,12,12,2,,12,16,58,24,,14
201,fr.search.Yahoo.com,,,,adn|brevets|telethon|vache_folle|avortement,50,,2,,4,,,,,,12,,,24,,8,,
202,etats-generaux.Ras.eu.org,,,,adn|eugenisme|genome|FIV|genes|chretien|brevets|embryon|clonage|transgenetique|vache_folle|avortement|bioethique|souches,7532,190,54,237,,1764,,244,212,48,706,108,196,185,1026,2510,,52
221,Wanadoo.fr,,,,adn|eugenisme|genome|FIV|genes|chretien|brevets|embryon|clonage|ogm|bayer|transgenetique|telethon|vache_folle|avortement|bioethique|souches,4851,103,46,116,127,183,93,225,152,56,1497,88,201,322,752,522,6,362
227,Fnac.com,distribution de contenus,,,,,,,,,,,,,,,,,,,,,
228,Issy.com,,,,adn|FIV|chretien|brevets|clonage|vache_folle|avortement|bioethique|souches,102,2,2,2,,10,,10,,,28,,,2,,10,,36
229,E1789.com,Divers,TOUS,,FIV|genes|chretien|brevets|embryon|clonage|telethon|vache_folle|avortement|bioethique|souches,9745,505,,3283,72,274,,182,132,,1645,,,917,1741,18,,976
234,Linternaute.com,,,,embryon|vache_folle,4,,,,,,,,2,,2,,,,,,,
245,lemesle.Free.fr,,,,adn|eugenisme|genome|FIV|genes|chretien|brevets|embryon|clonage|ogm|bayer|transgenetique|telethon|vache_folle|avortement|bioethique|souches,8207,79,30,131,16,4618,31,260,102,26,690,78,79,358,481,531,20,677
259,perso.Club-Internet.fr,,,,adn|FIV|genes|chretien|brevets|embryon|vache_folle|souches,188,20,6,,,,,32,4,,46,,,,26,46,,8
261,Ifrance.com,,,,adn|FIV|genes|chretien|brevets|embryon|clonage|vache_folle|avortement|souches,143,8,6,6,,,,2,12,,34,,,11,30,2,,32
264,Megret-Bdr.com,Candidats,,,,,,,,,,,,,,,,,,,,,
280,invs.Sante.fr,établissements publics,,,,,,,,,,,,,,,,,,,,,
287,fr.biz.Yahoo.com,,,,adn|brevets|telethon|vache_folle|avortement,50,,2,,4,,,,,,12,,,24,,8,,
293,Cnrs.fr,établissements publics,,,,,,,,,,,,,,,,,,,,,
296,maurice.legoy.Free.fr,,,,adn|eugenisme|genome|FIV|genes|chretien|brevets|embryon|clonage|ogm|bayer|transgenetique|telethon|vache_folle|avortement|bioethique|souches,8207,79,30,131,16,4618,31,260,102,26,690,78,79,358,481,531,20,677
304,jeanfrancois.mattei.Free.fr,,,,adn|eugenisme|genome|FIV|genes|chretien|brevets|embryon|clonage|ogm|bayer|transgenetique|telethon|vache_folle|avortement|bioethique|souches,8207,79,30,131,16,4618,31,260,102,26,690,78,79,358,481,531,20,677
317,Tf1.fr,,,,eugenisme|genes|chretien|brevets|embryon|transgenetique|vache_folle|avortement|bioethique|souches,168,8,,,,10,,,12,12,2,,12,16,58,24,,14
338,Lepen.tv,Candidats,LE PEN Jean-Marie,,FIV|genes|brevets|vache_folle|avortement,10,,,,,,,1,,,3,,,1,2,3,,
343,Sante.gouv.fr,administration centrale,,,,,,,,,,,,,,,,,,,,,
345,Citegay.fr,,,,adn|eugenisme|genome|FIV|genes|chretien|brevets|embryon|clonage|transgenetique|telethon|vache_folle|avortement|bioethique|souches,1178,56,12,28,6,22,,112,60,6,150,6,160,120,48,72,,320
352,Samizdat.net,presse,,,adn|eugenisme|genome|FIV|genes|chretien|brevets|embryon|clonage|ogm|transgenetique|telethon|vache_folle|avortement|bioethique|souches,3261,34,129,96,4,2,8,22,66,18,268,59,256,221,738,774,,566
356,Freescape.eu.org,,,,adn|eugenisme|genome|FIV|genes|chretien|brevets|embryon|clonage|transgenetique|vache_folle|avortement|bioethique|souches,7532,190,54,237,,1764,,244,212,48,706,108,196,185,1026,2510,,52
358,April.org,informatique,,,,,,,,,,,,,,,,,,,,,
360,Rezo.net,mobilisations protestataires,,,,,,,,,,,,,,,,,,,,,
362,Bugbrother.com,mobilisations protestataires,,,,,,,,,,,,,,,,,,,,,
367,perso.Libertysurf.fr,,,,genes|souches,5,2,,,,,,,,,,,,,3,,,
368,patangel.Free.fr,,,,adn|eugenisme|genome|FIV|genes|chretien|brevets|embryon|clonage|ogm|bayer|transgenetique|telethon|vache_folle|avortement|bioethique|souches,8207,79,30,131,16,4618,31,260,102,26,690,78,79,358,481,531,20,677
372,digipressetmp3.Teaser.fr,,,,adn|genome|FIV|genes|chretien|brevets|embryon|clonage|ogm|bayer|transgenetique|avortement|bioethique|souches,6308,308,204,690,,100,668,104,206,,,772,100,218,1080,116,1216,526
376,Amipublic.com,Candidats,BLANC Christian,,chretien|brevets|embryon|vache_folle|avortement,90,,,,,,,,16,,8,,,14,,26,,26
377,Democratieactive.org,,,,,,,,,,,,,,,,,,,,,,
378,Commentvoterchirac.com,,,,clonage,6,,,6,,,,,,,,,,,,,,
382,Monde-Diplomatique.fr,presse,,,,,,,,,,,,,,,,,,,,,
392,Bayrou.net,Candidats,BAYROU François,,eugenisme|genes|chretien|brevets|embryon|clonage|ogm|vache_folle|avortement|bioethique|souches,31321,3568,,486,,38,36,,604,38,8313,,,2254,7187,2823,,5974
393,Alainmadelin.com,Candidats,MADELIN Alain,,genes|chretien|brevets|embryon|vache_folle|souches,215,68,,,,,,,5,,65,,,,18,25,,34
394,Education.gouv.fr,administration centrale,,,,,,,,,,,,,,,,,,,,,
398,Conseil-Constitutionnel.fr,administration centrale,,,brevets|avortement|souches,48,30,,,,,,,,,,,,6,,12,,
399,educnet.Education.fr,filières du cinéma et de l'audiovisuel,,,,,,,,,,,,,,,,,,,,,
405,perso.Wanadoo.fr /jean-francois.mattei,,,,adn|eugenisme|genome|FIV|genes|chretien|brevets|embryon|clonage|ogm|bayer|transgenetique|telethon|vache_folle|avortement|bioethique|souches,4851,103,46,116,127,183,93,225,152,56,1497,88,201,322,752,522,6,362
406,perso.Wanadoo.fr /depute.jean-claude.lefort,Candidats,,,adn|eugenisme|genome|FIV|genes|chretien|brevets|embryon|clonage|ogm|bayer|transgenetique|telethon|vache_folle|avortement|bioethique|souches,4851,103,46,116,127,183,93,225,152,56,1497,88,201,322,752,522,6,362
407,perso.Wanadoo.fr /cpnt,Formations politiques,divers,,adn|eugenisme|genome|FIV|genes|chretien|brevets|embryon|clonage|ogm|bayer|transgenetique|telethon|vache_folle|avortement|bioethique|souches,4851,103,46,116,127,183,93,225,152,56,1497,88,201,322,752,522,6,362
408,perso.Wanadoo.fr /claude.rochet,,,,adn|eugenisme|genome|FIV|genes|chretien|brevets|embryon|clonage|ogm|bayer|transgenetique|telethon|vache_folle|avortement|bioethique|souches,4851,103,46,116,127,183,93,225,152,56,1497,88,201,322,752,522,6,362
409,perso.Wanadoo.fr /gvpc,Formations politiques,,,adn|eugenisme|genome|FIV|genes|chretien|brevets|embryon|clonage|ogm|bayer|transgenetique|telethon|vache_folle|avortement|bioethique|souches,4851,103,46,116,127,183,93,225,152,56,1497,88,201,322,752,522,6,362
410,perso.Wanadoo.fr /jeanjacques.rosa,,,,adn|eugenisme|genome|FIV|genes|chretien|brevets|embryon|clonage|ogm|bayer|transgenetique|telethon|vache_folle|avortement|bioethique|souches,4851,103,46,116,127,183,93,225,152,56,1497,88,201,322,752,522,6,362
411,perso.Wanadoo.fr /pcf.26,Formations politiques,,,adn|eugenisme|genome|FIV|genes|chretien|brevets|embryon|clonage|ogm|bayer|transgenetique|telethon|vache_folle|avortement|bioethique|souches,4851,103,46,116,127,183,93,225,152,56,1497,88,201,322,752,522,6,362
412,perso.Wanadoo.fr /mpf81,Formations politiques,,,adn|eugenisme|genome|FIV|genes|chretien|brevets|embryon|clonage|ogm|bayer|transgenetique|telethon|vache_folle|avortement|bioethique|souches,4851,103,46,116,127,183,93,225,152,56,1497,88,201,322,752,522,6,362
413,perso.Wanadoo.fr /laufr,,,,adn|eugenisme|genome|FIV|genes|chretien|brevets|embryon|clonage|ogm|bayer|transgenetique|telethon|vache_folle|avortement|bioethique|souches,4851,103,46,116,127,183,93,225,152,56,1497,88,201,322,752,522,6,362
414,perso.Wanadoo.fr /pcf.evry,Formations politiques,,,adn|eugenisme|genome|FIV|genes|chretien|brevets|embryon|clonage|ogm|bayer|transgenetique|telethon|vache_folle|avortement|bioethique|souches,4851,103,46,116,127,183,93,225,152,56,1497,88,201,322,752,522,6,362
415,perso.Wanadoo.fr /vila.depute,Candidats,,,adn|eugenisme|genome|FIV|genes|chretien|brevets|embryon|clonage|ogm|bayer|transgenetique|telethon|vache_folle|avortement|bioethique|souches,4851,103,46,116,127,183,93,225,152,56,1497,88,201,322,752,522,6,362
417,Greenpeace.org,sciences de l'environnement,,,,,,,,,,,,,,,,,,,,,
418,Microsoft.com,filières du multimédia,,,,,,,,,,,,,,,,,,,,,
420,Odilejacob.eu.org,,,,adn|eugenisme|genome|FIV|genes|chretien|brevets|embryon|clonage|transgenetique|vache_folle|avortement|bioethique|souches,7532,190,54,237,,1764,,244,212,48,706,108,196,185,1026,2510,,52
439,Eau-Adour-Garonne.fr,ingénierie,,,,,,,,,,,,,,,,,,,,,
442,Ined.fr,établissements publics,,,,,,,,,,,,,,,,,,,,,
449,Rivernet.org,géographie,,,,,,,,,,,,,,,,,,,,,
453,Agropolis.fr,agronomie,,,,,,,,,,,,,,,,,,,,,
454,Oieau.fr,sciences de l'environnement,,,,,,,,,,,,,,,,,,,,,
457,H2O.net,sciences de l'environnement,,,,,,,,,,,,,,,,,,,,,
459,Univ-Lille1.fr,demandes externes,,,,,,,,,,,,,,,,,,,,,
468,Amf.asso.fr,associations financées par des biens publics,,,brevets|vache_folle,7,,,,,,,,,,5,,,,,2,,
479,Ac-Toulouse.fr,déconcentration administrative,,,,,,,,,,,,,,,,,,,,,
482,Club-Internet.fr,,,,adn|FIV|genes|chretien|brevets|embryon|vache_folle|souches,188,20,6,,,,,32,4,,46,,,,26,46,,8
483,perso.Wanadoo.fr /v.kulesza,,,,adn|eugenisme|genome|FIV|genes|chretien|brevets|embryon|clonage|ogm|bayer|transgenetique|telethon|vache_folle|avortement|bioethique|souches,4851,103,46,116,127,183,93,225,152,56,1497,88,201,322,752,522,6,362
486,perso.Wanadoo.fr /sde17,,,,adn|eugenisme|genome|FIV|genes|chretien|brevets|embryon|clonage|ogm|bayer|transgenetique|telethon|vache_folle|avortement|bioethique|souches,4851,103,46,116,127,183,93,225,152,56,1497,88,201,322,752,522,6,362
489,Eau-Artois-Picardie.fr,ingénierie,,,,,,,,,,,,,,,,,,,,,
492,Ac-Grenoble.fr,déconcentration administrative,,,,,,,,,,,,,,,,,,,,,
497,perso.Wanadoo.fr /joel.danion,,,,adn|eugenisme|genome|FIV|genes|chretien|brevets|embryon|clonage|ogm|bayer|transgenetique|telethon|vache_folle|avortement|bioethique|souches,4851,103,46,116,127,183,93,225,152,56,1497,88,201,322,752,522,6,362
498,Bretagne.com,,,,chretien|clonage|avortement,12,,,4,,,,,,,,,,4,,,,4
505,Cieau.com,sciences de l'environnement,,,,,,,,,,,,,,,,,,,,,
509,Unice.fr,établissements publics,,,,,,,,,,,,,,,,,,,,,
514,Snpn.com,acteurs économiques,,,,,,,,,,,,,,,,,,,,,
516,Cnam.fr,ingénierie,,,,,,,,,,,,,,,,,,,,,
524,members.Aol.com,,,,genes|chretien|transgenetique|vache_folle,23,,,,,,,,,,9,,1,,7,,,6
543,Ademe.fr,administration centrale,,,,,,,,,,,,,,,,,,,,,
547,Lahulotte.fr,médias généralistes et spécialisés,,,,,,,,,,,,,,,,,,,,,
550,Biofutur.com,ingénierie,,,,,,,,,,,,,,,,,,,,,
552,garance.voyageuse.Free.fr,,,,adn|eugenisme|genome|FIV|genes|chretien|brevets|embryon|clonage|ogm|bayer|transgenetique|telethon|vache_folle|avortement|bioethique|souches,8207,79,30,131,16,4618,31,260,102,26,690,78,79,358,481,531,20,677
558,Onf.fr,agronomie,,,,,,,,,,,,,,,,,,,,,
574,Comite21.org,géographie,,,,,,,,,,,,,,,,,,,,,
579,Terrevivante.org,sciences de l'environnement,,,,,,,,,,,,,,,,,,,,,
589,perso.Wanadoo.fr /steph.gibon,,,,adn|eugenisme|genome|FIV|genes|chretien|brevets|embryon|clonage|ogm|bayer|transgenetique|telethon|vache_folle|avortement|bioethique|souches,4851,103,46,116,127,183,93,225,152,56,1497,88,201,322,752,522,6,362
591,Roc.asso.fr,sciences de la vie,,,,,,,,,,,,,,,,,,,,,
621,Leparisien.com,,,,adn|FIV|genes|chretien|embryon|clonage|vache_folle|avortement,218,,4,6,,,,6,18,,136,,,4,20,,,24
624,Lavoixdunord.fr,presse locale,,,FIV|genes|chretien|brevets|embryon|clonage|transgenetique|vache_folle|avortement|bioethique|souches,144,4,,12,,20,,24,8,,20,,4,12,16,12,,12
625,Estrepublicain.fr,presse locale,,,,,,,,,,,,,,,,,,,,,
628,news.Independent.co.uk,,,,genome|genes|embryon|clonage|bayer|transgenetique|vache_folle,1691,,,212,,,,,14,,16,156,42,,1237,,14,
629,afp.Voila.fr,,,,eugenisme|FIV|genes|chretien|brevets|embryon|clonage|transgenetique|vache_folle|avortement|bioethique|souches,523,20,,52,,38,,32,58,14,74,,8,92,80,23,,32
630,Republicain-Lorrain.fr,presse locale,,,,,,,,,,,,,,,,,,,,,
631,Leprogres.fr,presse locale,,,clonage,8,,,8,,,,,,,,,,,,,,
632,Terre-Net.fr,agronomie,,,,,,,,,,,,,,,,,,,,,
648,Ouest-France.fr,presse locale,,,,,,,,,,,,,,,,,,,,,
650,Paris-Normandie.com,,,,chretien,27,,,,,,,,,,,,,,,,,27
665,fr.fc.Yahoo.com,,,,adn|brevets|telethon|vache_folle|avortement,50,,2,,4,,,,,,12,,,24,,8,,
667,quotidien.Nouvelobs.com,,,,FIV|genes|chretien|clonage|telethon|vache_folle|avortement|souches,106,40,,6,2,,,2,,,28,,,6,8,,,14
677,Nouvelobs.com,presse nationale,,,FIV|genes|chretien|clonage|telethon|vache_folle|avortement|souches,106,40,,6,2,,,2,,,28,,,6,8,,,14
681,uk.news.Yahoo.com,,,,adn|brevets|telethon|vache_folle|avortement,50,,2,,4,,,,,,12,,,24,,8,,
635,Lepoint.fr,presse nationale,,,eugenisme|chretien|vache_folle|avortement|bioethique,12,,,,,2,,,,2,4,,,2,,,,2
638,Midilibre.fr,presse locale,,,,,,,,,,,,,,,,,,,,,
693,Graine-Idf.org,périodiques,,,,,,,,,,,,,,,,,,,,,
694,Mnhn.fr,acteurs économiques,,,,,,,,,,,,,,,,,,,,,
703,chrysopee.Free.fr,,,,adn|eugenisme|genome|FIV|genes|chretien|brevets|embryon|clonage|ogm|bayer|transgenetique|telethon|vache_folle|avortement|bioethique|souches,8207,79,30,131,16,4618,31,260,102,26,690,78,79,358,481,531,20,677
705,perso.Wanadoo.fr /barguillere,,,,adn|eugenisme|genome|FIV|genes|chretien|brevets|embryon|clonage|ogm|bayer|transgenetique|telethon|vache_folle|avortement|bioethique|souches,4851,103,46,116,127,183,93,225,152,56,1497,88,201,322,752,522,6,362
713,Bnf.fr,mémoire institutionnelle,,,,,,,,,,,,,,,,,,,,,
721,Ac-Amiens.fr,déconcentration administrative,,,,,,,,,,,,,,,,,,,,,
723,Geocities.com,,,,eugenisme|genes|chretien|brevets|embryon|clonage|transgenetique|vache_folle|avortement|souches,140,8,,12,,,,,12,4,4,,12,24,20,20,,24
734,perso.Wanadoo.fr /jielge,,,,adn|eugenisme|genome|FIV|genes|chretien|brevets|embryon|clonage|ogm|bayer|transgenetique|telethon|vache_folle|avortement|bioethique|souches,4851,103,46,116,127,183,93,225,152,56,1497,88,201,322,752,522,6,362
736,Cplus.fr,,,,FIV,2,,,,,,,2,,,,,,,,,,
743,w3.Teaser.fr,,,,adn|genome|FIV|genes|chretien|brevets|embryon|clonage|ogm|bayer|transgenetique|avortement|bioethique|souches,6308,308,204,690,,100,668,104,206,,,772,100,218,1080,116,1216,526
745,perso.Wanadoo.fr /paul.kerrien,,,,adn|eugenisme|genome|FIV|genes|chretien|brevets|embryon|clonage|ogm|bayer|transgenetique|telethon|vache_folle|avortement|bioethique|souches,4851,103,46,116,127,183,93,225,152,56,1497,88,201,322,752,522,6,362
746,col.gueb.Free.fr,,,,adn|eugenisme|genome|FIV|genes|chretien|brevets|embryon|clonage|ogm|bayer|transgenetique|telethon|vache_folle|avortement|bioethique|souches,8207,79,30,131,16,4618,31,260,102,26,690,78,79,358,481,531,20,677
755,Fnsea.fr,science politique,,,,,,,,,,,,,,,,,,,,,
766,Unfccc.int,sciences de la terre,,,,,,,,,,,,,,,,,,,,,
768,afpc.Free.fr,,,,adn|eugenisme|genome|FIV|genes|chretien|brevets|embryon|clonage|ogm|bayer|transgenetique|telethon|vache_folle|avortement|bioethique|souches,8207,79,30,131,16,4618,31,260,102,26,690,78,79,358,481,531,20,677
773,users.Skynet.be,,,,genome|FIV|genes|chretien|brevets|clonage|transgenetique|vache_folle|avortement|bioethique|souches,1372,358,,30,,2,,56,,,78,64,10,42,28,28,,676
780,perso.Wanadoo.fr /f.bon,,,,adn|eugenisme|genome|FIV|genes|chretien|brevets|embryon|clonage|ogm|bayer|transgenetique|telethon|vache_folle|avortement|bioethique|souches,4851,103,46,116,127,183,93,225,152,56,1497,88,201,322,752,522,6,362
783,perso.Wanadoo.fr /esperysage,,,,adn|eugenisme|genome|FIV|genes|chretien|brevets|embryon|clonage|ogm|bayer|transgenetique|telethon|vache_folle|avortement|bioethique|souches,4851,103,46,116,127,183,93,225,152,56,1497,88,201,322,752,522,6,362
785,paysagesdefrance.Free.fr,,,,adn|eugenisme|genome|FIV|genes|chretien|brevets|embryon|clonage|ogm|bayer|transgenetique|telethon|vache_folle|avortement|bioethique|souches,8207,79,30,131,16,4618,31,260,102,26,690,78,79,358,481,531,20,677
787,paris-lavillette.Archi.fr,chaîne du livre,,,,,,,,,,,,,,,,,,,,,
794,stream.Online.fr,,,,adn|eugenisme|genome|FIV|genes|chretien|brevets|embryon|clonage|bayer|transgenetique|telethon|vache_folle|avortement|bioethique|souches,1014,74,12,30,4,4,,4,24,48,232,24,30,62,118,78,24,246
805,Iaat.org,géographie,,,,,,,,,,,,,,,,,,,,,
807,perso.Wanadoo.fr /paysage,,,,adn|eugenisme|genome|FIV|genes|chretien|brevets|embryon|clonage|ogm|bayer|transgenetique|telethon|vache_folle|avortement|bioethique|souches,4851,103,46,116,127,183,93,225,152,56,1497,88,201,322,752,522,6,362
810,Culture.gouv.fr,administration centrale,,,,,,,,,,,,,,,,,,,,,
814,perso.Wanadoo.fr /sbv,,,,adn|eugenisme|genome|FIV|genes|chretien|brevets|embryon|clonage|ogm|bayer|transgenetique|telethon|vache_folle|avortement|bioethique|souches,4851,103,46,116,127,183,93,225,152,56,1497,88,201,322,752,522,6,362
816,zoo.artist.Free.fr,,,,adn|eugenisme|genome|FIV|genes|chretien|brevets|embryon|clonage|ogm|bayer|transgenetique|telethon|vache_folle|avortement|bioethique|souches,8207,79,30,131,16,4618,31,260,102,26,690,78,79,358,481,531,20,677
824,perso.Wanadoo.fr /proverbes,,,,adn|eugenisme|genome|FIV|genes|chretien|brevets|embryon|clonage|ogm|bayer|transgenetique|telethon|vache_folle|avortement|bioethique|souches,4851,103,46,116,127,183,93,225,152,56,1497,88,201,322,752,522,6,362
826,picardie.asvft.Free.fr,,,,adn|eugenisme|genome|FIV|genes|chretien|brevets|embryon|clonage|ogm|bayer|transgenetique|telethon|vache_folle|avortement|bioethique|souches,8207,79,30,131,16,4618,31,260,102,26,690,78,79,358,481,531,20,677
828,site.Voila.fr,,,,eugenisme|FIV|genes|chretien|brevets|embryon|clonage|transgenetique|vache_folle|avortement|bioethique|souches,523,20,,52,,38,,32,58,14,74,,8,92,80,23,,32
835,perso.Wanadoo.fr /a.f,,,,adn|eugenisme|genome|FIV|genes|chretien|brevets|embryon|clonage|ogm|bayer|transgenetique|telethon|vache_folle|avortement|bioethique|souches,4851,103,46,116,127,183,93,225,152,56,1497,88,201,322,752,522,6,362
843,France2.fr,,,,adn|eugenisme|FIV|genes|chretien|brevets|embryon|clonage|telethon|vache_folle|avortement|bioethique|souches,311,23,7,5,76,2,,22,4,3,19,,,17,65,19,,49
847,Ifn.fr,établissements publics,,,,,,,,,,,,,,,,,,,,,
850,Voila.fr,,,,eugenisme|FIV|genes|chretien|brevets|embryon|clonage|transgenetique|vache_folle|avortement|bioethique|souches,523,20,,52,,38,,32,58,14,74,,8,92,80,23,,32
863,Legifrance.gouv.fr /.../jorf_nor.ow ?numjo=AGRX0104811L,éditeurs officiels,,,,,,,,,,,,,,,,,,,,,
864,Legifrance.gouv.fr /.../jorf_nor.ow ?numjo=AGRG0102262A,éditeurs officiels,,,,,,,,,,,,,,,,,,,,,
865,Legifrance.gouv.fr /.../jorf_nor.ow ?numjo=AGRG0100994A,éditeurs officiels,,,,,,,,,,,,,,,,,,,,,
866,Legifrance.gouv.fr /.../jorf_nor.ow ?numjo=AGRG0100993A,éditeurs officiels,,,,,,,,,,,,,,,,,,,,,
867,Legifrance.gouv.fr /.../jorf_nor.ow ?numjo=AGRG0100727A,éditeurs officiels,,,,,,,,,,,,,,,,,,,,,
868,Legifrance.gouv.fr /.../jorf_nor.ow ?numjo=MESX0104675D,éditeurs officiels,,,,,,,,,,,,,,,,,,,,,
869,Legifrance.gouv.fr /.../jorf_nor.ow ?numjo=JUSX9400024L,éditeurs officiels,,,,,,,,,,,,,,,,,,,,,
870,Legifrance.gouv.fr /.../jorf_nor.ow ?numjo=MESM0121040S,éditeurs officiels,,,,,,,,,,,,,,,,,,,,,
871,Legifrance.gouv.fr /.../jorf_nor.ow ?numjo=SPSX9400032L,éditeurs officiels,,,,,,,,,,,,,,,,,,,,,
872,Legifrance.gouv.fr /.../jorf_nor.ow ?numjo=SANM0121228S,éditeurs officiels,,,,,,,,,,,,,,,,,,,,,
873,Legifrance.gouv.fr /.../jorf_nor.ow ?numjo=SPSX9400290L,éditeurs officiels,,,,,,,,,,,,,,,,,,,,,
890,Civam.org,agronomie,,,,,,,,,,,,,,,,,,,,,
891,Transrural-Initiatives.org,mobilisations protestataires,,,,,,,,,,,,,,,,,,,,,
892,perso.Wanadoo.fr /villesuryron,,,,adn|eugenisme|genome|FIV|genes|chretien|brevets|embryon|clonage|ogm|bayer|transgenetique|telethon|vache_folle|avortement|bioethique|souches,4851,103,46,116,127,183,93,225,152,56,1497,88,201,322,752,522,6,362
893,Itab.asso.fr,agronomie,,,,,,,,,,,,,,,,,,,,,
932,Oecd.org,organisations internationales,,,,,,,,,,,,,,,,,,,,,
939,fr.Novartis.com,santé,,,,,,,,,,,,,,,,,,,,,
949,Lejsl.com,presse locale,,,FIV|chretien,20,,,,,,,16,,,,,,,,,,4
959,Inrs.fr,information électronique des administrés,,,,,,,,,,,,,,,,,,,,,
962,Justice.gouv.fr,administration centrale,,,,,,,,,,,,,,,,,,,,,
963,Ladocumentationfrancaise.fr,éditeurs officiels,,,,,,,,,,,,,,,,,,,,,
966,Cea.fr,ingénierie,,,,,,,,,,,,,,,,,,,,,
970,Info-Europe.fr,,,,,,,,,,,,,,,,,,,,,,
974,Commerce-Exterieur.gouv.fr,administration centrale,,,,,,,,,,,,,,,,,,,,,
980,Simaonline.com,agronomie,,,,,,,,,,,,,,,,,,,,,
982,Salon-Agriculture.com,agronomie,,,,,,,,,,,,,,,,,,,,,
985,Foretpriveefrancaise.com,filières du multimédia,,,,,,,,,,,,,,,,,,,,,
990,vinbio.Free.fr,,,,adn|eugenisme|genome|FIV|genes|chretien|brevets|embryon|clonage|ogm|bayer|transgenetique|telethon|vache_folle|avortement|bioethique|souches,8207,79,30,131,16,4618,31,260,102,26,690,78,79,358,481,531,20,677
995,perso.Wanadoo.fr /perigordtabac,,,,adn|eugenisme|genome|FIV|genes|chretien|brevets|embryon|clonage|ogm|bayer|transgenetique|telethon|vache_folle|avortement|bioethique|souches,4851,103,46,116,127,183,93,225,152,56,1497,88,201,322,752,522,6,362
997,Farre.org,sciences de l'environnement,,,,,,,,,,,,,,,,,,,,,
1089,Reseau-Chu.org,santé,,,,,,,,,,,,,,,,,,,,,
1116,Artisansdumonde.org,économie solidaire,,,,,,,,,,,,,,,,,,,,,
1123,Commercequitable.org,économie solidaire,,,,,,,,,,,,,,,,,,,,,
1124,Maxhavelaarfrance.org,économie solidaire,,,,,,,,,,,,,,,,,,,,,
1133,Diplomatie.gouv.fr,administration centrale,,,,,,,,,,,,,,,,,,,,,
1138,cnerta.Educagri.fr,information électronique des administrés,,,,,,,,,,,,,,,,,,,,,
1142,perso.Wanadoo.fr /pierre.deligniere,,,,adn|eugenisme|genome|FIV|genes|chretien|brevets|embryon|clonage|ogm|bayer|transgenetique|telethon|vache_folle|avortement|bioethique|souches,4851,103,46,116,127,183,93,225,152,56,1497,88,201,322,752,522,6,362
1147,Rac-F.org,sciences de l'environnement,,,,,,,,,,,,,,,,,,,,,
1155,confederationpaysanne.Ouvaton.org,,,,adn|eugenisme|genome|FIV|genes|chretien|brevets|embryon|clonage|ogm|transgenetique|vache_folle|avortement|bioethique|souches,866,35,16,72,,8,28,25,15,31,93,17,53,38,284,73,,78
1159,Ogmdangers.org,agronomie,,,,,,,,,,,,,,,,,,,,,
1160,Fne.asso.fr,sciences de l'environnement,,,,,,,,,,,,,,,,,,,,,
1168,Service-Public.fr,information électronique des administrés,,,FIV|genes|brevets|embryon|clonage|vache_folle|bioethique,186,,,16,,16,,32,16,,32,,,,42,32,,
1181,dinomania.Free.fr,,,,adn|eugenisme|genome|FIV|genes|chretien|brevets|embryon|clonage|ogm|bayer|transgenetique|telethon|vache_folle|avortement|bioethique|souches,8207,79,30,131,16,4618,31,260,102,26,690,78,79,358,481,531,20,677
1201,presidentielles.Figaro.net,"Webzine, Cyber-Médias",TOUS,,,,,,,,,,,,,,,,,,,,
1205,perso.Wanadoo.fr /ces,,,,adn|eugenisme|genome|FIV|genes|chretien|brevets|embryon|clonage|ogm|bayer|transgenetique|telethon|vache_folle|avortement|bioethique|souches,4851,103,46,116,127,183,93,225,152,56,1497,88,201,322,752,522,6,362
1209,perso.Wanadoo.fr /eric.ferrand,,,,adn|eugenisme|genome|FIV|genes|chretien|brevets|embryon|clonage|ogm|bayer|transgenetique|telethon|vache_folle|avortement|bioethique|souches,4851,103,46,116,127,183,93,225,152,56,1497,88,201,322,752,522,6,362
1210,mdc55.Com02.com,Formations politiques,,,,,,,,,,,,,,,,,,,,,
1211,mdc.34.Free.fr,Formations politiques,,,,,,,,,,,,,,,,,,,,,
1212,87htevienneche2002.Free.fr,Formations politiques,,,,,,,,,,,,,,,,,,,,,
1214,Georges-Sarre.net,Candidats,,,bioethique,10,,,,,10,,,,,,,,,,,,
1216,mdc92sud.Free.fr,,,,adn|eugenisme|genome|FIV|genes|chretien|brevets|embryon|clonage|ogm|bayer|transgenetique|telethon|vache_folle|avortement|bioethique|souches,8207,79,30,131,16,4618,31,260,102,26,690,78,79,358,481,531,20,677
1215,lemdc31.Free.fr,,,,adn|eugenisme|genome|FIV|genes|chretien|brevets|embryon|clonage|ogm|bayer|transgenetique|telethon|vache_folle|avortement|bioethique|souches,8207,79,30,131,16,4618,31,260,102,26,690,78,79,358,481,531,20,677
1218,home.Nordnet.fr,,,,chretien|brevets|clonage|vache_folle,35,,,5,,,,,,,5,,,,,10,,15
1219,Tourisme.gouv.fr,administration centrale,,,,,,,,,,,,,,,,,,,,,
1232,Philippe-Douste-Blazy.com,Candidats,,,,,,,,,,,,,,,,,,,,,
1233,Pierre-Cardo.org,Candidats,,,avortement,4,,,,,,,,,,,,,4,,,,
1234,jpgarraud.legislativ.Free.fr,,,,adn|eugenisme|genome|FIV|genes|chretien|brevets|embryon|clonage|ogm|bayer|transgenetique|telethon|vache_folle|avortement|bioethique|souches,8207,79,30,131,16,4618,31,260,102,26,690,78,79,358,481,531,20,677
1235,Jpgrand.com,Candidats,,,,,,,,,,,,,,,,,,,,,
1236,Mauricegiro.com,Candidats,,,,,,,,,,,,,,,,,,,,,
1237,perso.Wanadoo.fr /gerard.lorgeoux,Candidats,,,adn|eugenisme|genome|FIV|genes|chretien|brevets|embryon|clonage|ogm|bayer|transgenetique|telethon|vache_folle|avortement|bioethique|souches,4851,103,46,116,127,183,93,225,152,56,1497,88,201,322,752,522,6,362
1238,Claudeliebermann.com,Candidats,,,genes,4,,,,,,,,,,,,,,4,,,
1241,Jeantiberi.net,Candidats,,,,,,,,,,,,,,,,,,,,,
1242,Pemezec2002.com,Candidats,,,clonage|bioethique,16,,,8,,8,,,,,,,,,,,,
1243,Roxane-Decorte.com,Candidats,,,,,,,,,,,,,,,,,,,,,
1244,Comparini.net,Candidats,,,chretien|clonage|bioethique|souches,48,4,,4,,4,,,,,,,,,,,,36
1245,Alain-Juppe.com,Candidats,,,,,,,,,,,,,,,,,,,,,
1246,Georgia-Vincent.com,Candidats,,,,,,,,,,,,,,,,,,,,,
1247,Cochet2002.com,Candidats,,,,,,,,,,,,,,,,,,,,,
1248,Christian-Kert.com,Candidats,,,,,,,,,,,,,,,,,,,,,
1250,Deveyrinas.com,Candidats,,,,,,,,,,,,,,,,,,,,,
1251,Valeriepecresse.net,,,,,,,,,,,,,,,,,,,,,,
1252,Dominique-Richard.com,Candidats,,,embryon|vache_folle,2,,,,,,,,1,,1,,,,,,,
1253,perso.Wanadoo.fr /gabriel.biancheri,Candidats,,,adn|eugenisme|genome|FIV|genes|chretien|brevets|embryon|clonage|ogm|bayer|transgenetique|telethon|vache_folle|avortement|bioethique|souches,4851,103,46,116,127,183,93,225,152,56,1497,88,201,322,752,522,6,362
1254,Maryvonnebriot.net,Candidats,,,,,,,,,,,,,,,,,,,,,
1255,daniele.damin.Free.fr,Candidats,,,,,,,,,,,,,,,,,,,,,
1256,Michelpy.com,Candidats,,,,,,,,,,,,,,,,,,,,,
1257,Brochand.net,Candidats,divers,,brevets|avortement,16,,,,,,,,,,,,,4,,12,,
1259,Jean-Diebold.com,Candidats,,,,,,,,,,,,,,,,,,,,,
1261,Josettepons.net,Candidats,,,,,,,,,,,,,,,,,,,,,
1262,Louiscosyns2002.org,Candidats,,,,,,,,,,,,,,,,,,,,,
1263,Pierre-Morange.com,Candidats,,,genes,4,,,,,,,,,,,,,,4,,,
1264,perso.Wanadoo.fr /devedjian,Candidats,,,adn|eugenisme|genome|FIV|genes|chretien|brevets|embryon|clonage|ogm|bayer|transgenetique|telethon|vache_folle|avortement|bioethique|souches,4851,103,46,116,127,183,93,225,152,56,1497,88,201,322,752,522,6,362
1266,perso.Wanadoo.fr /natacha-bouchart,,,,adn|eugenisme|genome|FIV|genes|chretien|brevets|embryon|clonage|ogm|bayer|transgenetique|telethon|vache_folle|avortement|bioethique|souches,4851,103,46,116,127,183,93,225,152,56,1497,88,201,322,752,522,6,362
1267,Philippe-Auberger.com,Candidats,,,,,,,,,,,,,,,,,,,,,
1268,Tremege.com,Candidats,,,,,,,,,,,,,,,,,,,,,
1269,Christineboutin-Legislatives.com,Candidats,,,bioethique,6,,,,,6,,,,,,,,,,,,
1270,Michel-Raison.net,Candidats,,,,,,,,,,,,,,,,,,,,,
1271,Jeanclaudethomas.com,Candidats,,,chretien|brevets|transgenetique|vache_folle,26,,,,,,,,,,6,,12,,,4,,4
1274,Chassain2002.net,Candidats,,,vache_folle,8,,,,,,,,,,8,,,,,,,
1275,Danielspagnou2002.com,Candidats,,,,,,,,,,,,,,,,,,,,,
1277,pageperso.Aol.fr,,,,FIV|chretien|brevets|vache_folle,26,,,,,,,4,,,8,,,,,4,,10
1278,Franck-Reynier.com,Candidats,,,,,,,,,,,,,,,,,,,,,
1279,Toubon.org,Candidats,,,,,,,,,,,,,,,,,,,,,
1281,jeanmarc.morere.Free.fr,Candidats,,,,,,,,,,,,,,,,,,,,,
1282,Richard-De-Puymorin.org,Candidats,,,,,,,,,,,,,,,,,,,,,
1283,Dassault-Oise.com,Candidats,,,chretien,4,,,,,,,,,,,,,,,,,4
1284,irene.tharin.Free.fr,Candidats,,,,,,,,,,,,,,,,,,,,,
1285,Andre-Flajolet.com,Candidats,,,,,,,,,,,,,,,,,,,,,
1286,Bignon.info,Candidats,,,,,,,,,,,,,,,,,,,,,
1287,Jpsoisson.com,Candidats,,,,,,,,,,,,,,,,,,,,,
1288,ph.waymel.Free.fr,Candidats,,,,,,,,,,,,,,,,,,,,,
1289,Bareges2002.com,Candidats,,,chretien,4,,,,,,,,,,,,,,,,,4
1290,Jean-Marc-Nesme.com,Candidats,,,FIV|genes|clonage|vache_folle|bioethique,10,,,2,,2,,2,,,2,,,,2,,,
1291,Mj-Roig.org,Candidats,divers,,,,,,,,,,,,,,,,,,,,
1292,Philippe-Rouault.com,Candidats,,,,,,,,,,,,,,,,,,,,,
1293,b.defroment.Free.fr,Candidats,,,,,,,,,,,,,,,,,,,,,
1295,xavierbertrand2002.Free.fr,Candidats,,,,,,,,,,,,,,,,,,,,,
1301,Ilo.org,organisations internationales,,,,,,,,,,,,,,,,,,,,,
1308,perso.Wanadoo.fr /droits.enfants,,,,adn|eugenisme|genome|FIV|genes|chretien|brevets|embryon|clonage|ogm|bayer|transgenetique|telethon|vache_folle|avortement|bioethique|souches,4851,103,46,116,127,183,93,225,152,56,1497,88,201,322,752,522,6,362
1317,fr.encyclopedia.Yahoo.com,,,,adn|brevets|telethon|vache_folle|avortement,50,,2,,4,,,,,,12,,,24,,8,,
1329,fullcoverage.Yahoo.com,,,,adn|brevets|telethon|vache_folle|avortement,50,,2,,4,,,,,,12,,,24,,8,,
1343,Lireetfairelire.org,solidarité locale et nationale,,,,,,,,,,,,,,,,,,,,,
1350,Marmiton.org,gastronomie,,,,,,,,,,,,,,,,,,,,,
1362,ads.Tiscali.fr,,,,adn|FIV|genes|chretien|embryon|transgenetique|telethon|vache_folle|avortement,115,,4,,2,,,10,4,,34,,12,4,31,,,14
1363,2002.Sofres.com,Analyses et observatoires,TOUS,,,,,,,,,,,,,,,,,,,,
1365,Tiscali.fr,,,,adn|FIV|genes|chretien|embryon|transgenetique|telethon|vache_folle|avortement,115,,4,,2,,,10,4,,34,,12,4,31,,,14
1367,2002Femmes.com,Soutiens et antis,JOSPIN Lionel,,vache_folle|avortement,437,,,,,,,,,,105,,,332,,,,
1368,2002Jeunes.org,Soutiens et antis,JOSPIN Lionel,,bayer|vache_folle|avortement,25,,,,,,,,,,9,,,7,,,9,
1369,2002Citoyensnumeriques.net,,,,brevets,6,,,,,,,,,,,,,,,6,,
1370,Mjsfrance.org,,TOUS,,chretien,4,,,,,,,,,,,,,,,,,4
1373,enm.Justice.fr,établissements publics,,,,,,,,,,,,,,,,,,,,,
1378,Astrosurf.com,astronomie,,,,,,,,,,,,,,,,,,,,,
1380,Spasme.org,Formations politiques,,,,,,,,,,,,,,,,,,,,,
1388,Industrie.gouv.fr,administration centrale,,,,,,,,,,,,,,,,,,,,,
1389,Internet2002-2007.org,Divers,TOUS,,vache_folle,16,,,,,,,,,,16,,,,,,,
1391,chiche.Ras.eu.org,,,,adn|eugenisme|genome|FIV|genes|chretien|brevets|embryon|clonage|transgenetique|vache_folle|avortement|bioethique|souches,7532,190,54,237,,1764,,244,212,48,706,108,196,185,1026,2510,,52
1392,perso.Wanadoo.fr /racine,Formations politiques,divers,,adn|eugenisme|genome|FIV|genes|chretien|brevets|embryon|clonage|ogm|bayer|transgenetique|telethon|vache_folle|avortement|bioethique|souches,4851,103,46,116,127,183,93,225,152,56,1497,88,201,322,752,522,6,362
1394,Jeunes-Communistes.org,Formations politiques,,,genes|chretien|brevets|vache_folle|avortement|souches,608,178,,,,,,,,,18,,,178,24,24,,186
1395,Unef.asso.fr,Divers,LE PEN Jean-Marie,,brevets|avortement,10,,,,,,,,,,,,,2,,8,,
1399,Jean-Jaures.org,science politique,,,,,,,,,,,,,,,,,,,,,
1409,Cfdt.fr,science politique,,,,,,,,,,,,,,,,,,,,,
1411,Adie.org,économie solidaire,,,,,,,,,,,,,,,,,,,,,
1413,Amnistia.net,presse,,,,,,,,,,,,,,,,,,,,,
1417,Mondialisations.org,sociologie,,,,,,,,,,,,,,,,,,,,,
1418,Cfsi.asso.fr,agronomie,,,,,,,,,,,,,,,,,,,,,
1419,Regards.fr,presse,,,,,,,,,,,,,,,,,,,,,
1420,Unsa.org,science politique,,,,,,,,,,,,,,,,,,,,,
1421,Psinfo.net,Formations politiques,JOSPIN Lionel,,,,,,,,,,,,,,,,,,,,
1407,Politis.fr,presse,,,genes|chretien|brevets|embryon|vache_folle|souches,96,8,,,,,,,16,,16,,,,16,8,,32
1424,Alternatives-Economiques.fr,économie,,,,,,,,,,,,,,,,,,,,,
1430,g10.Ras.eu.org,,,,adn|eugenisme|genome|FIV|genes|chretien|brevets|embryon|clonage|transgenetique|vache_folle|avortement|bioethique|souches,7532,190,54,237,,1764,,244,212,48,706,108,196,185,1026,2510,,52
1431,Ornitho.org,,,,eugenisme|genes|chretien|brevets|clonage|vache_folle|avortement|souches,300,72,,24,,,,,,24,12,,,48,36,36,,48
1433,Socialisme-Et-Democratie.net,,,,,,,,,,,,,,,,,,,,,,
1434,Bva.fr,,,,clonage|bayer|vache_folle,45,,,15,,,,,,,15,,,,,,15,
1435,Place-Publique.fr,science politique,,,FIV|genes|chretien|brevets|embryon|clonage|transgenetique|telethon|vache_folle|avortement|souches,820,10,,12,24,,,52,56,,70,,28,40,174,158,,196
1436,Force-Ouvriere.fr,science politique,TOUS,,chretien|brevets|embryon|souches,54,16,,,,,,,4,,,,,,,4,,30
1437,Socialistinternational.org,,,,,,,,,,,,,,,,,,,,,,
1439,Cidem.org,science politique,TOUS,,adn|eugenisme|FIV|genes|chretien|brevets|embryon|clonage|ogm|transgenetique|vache_folle|avortement|bioethique|souches,573,18,9,27,,9,30,42,9,9,45,,9,72,87,54,,153
1441,iep.Univ-Lyon2.fr,,,,chretien,4,,,,,,,,,,,,,,,,,4
1443,perso.Wanadoo.fr /ai288,,,,adn|eugenisme|genome|FIV|genes|chretien|brevets|embryon|clonage|ogm|bayer|transgenetique|telethon|vache_folle|avortement|bioethique|souches,4851,103,46,116,127,183,93,225,152,56,1497,88,201,322,752,522,6,362
1446,Ldh-France.asso.fr,Divers,divers,,,,,,,,,,,,,,,,,,,,
1447,01Net.com,sites à thème multimédia,,,,,,,,,,,,,,,,,,,,,
1457,Ras.eu.org,,,,adn|eugenisme|genome|FIV|genes|chretien|brevets|embryon|clonage|transgenetique|vache_folle|avortement|bioethique|souches,7532,190,54,237,,1764,,244,212,48,706,108,196,185,1026,2510,,52
1459,perso.Wanadoo.fr /reagir-gier,,,,adn|eugenisme|genome|FIV|genes|chretien|brevets|embryon|clonage|ogm|bayer|transgenetique|telethon|vache_folle|avortement|bioethique|souches,4851,103,46,116,127,183,93,225,152,56,1497,88,201,322,752,522,6,362
1461,Anti-Rev.org,,,,genes|chretien|vache_folle|avortement|bioethique|souches,48,12,,,,4,,,,,4,,,20,4,,,4
1539,histv2.Free.fr,,,,adn|eugenisme|genome|FIV|genes|chretien|brevets|embryon|clonage|ogm|bayer|transgenetique|telethon|vache_folle|avortement|bioethique|souches,8207,79,30,131,16,4618,31,260,102,26,690,78,79,358,481,531,20,677
1553,bdactu.Free.fr,,,,adn|eugenisme|genome|FIV|genes|chretien|brevets|embryon|clonage|ogm|bayer|transgenetique|telethon|vache_folle|avortement|bioethique|souches,8207,79,30,131,16,4618,31,260,102,26,690,78,79,358,481,531,20,677
1562,david.sdika.Free.fr,,,,adn|eugenisme|genome|FIV|genes|chretien|brevets|embryon|clonage|ogm|bayer|transgenetique|telethon|vache_folle|avortement|bioethique|souches,8207,79,30,131,16,4618,31,260,102,26,690,78,79,358,481,531,20,677
1496,Reggaefrance.com,sites à thème musique et son,,,,,,,,,,,,,,,,,,,,,
1498,1000et1oeil.Free.fr,,,,adn|eugenisme|genome|FIV|genes|chretien|brevets|embryon|clonage|ogm|bayer|transgenetique|telethon|vache_folle|avortement|bioethique|souches,8207,79,30,131,16,4618,31,260,102,26,690,78,79,358,481,531,20,677
1511,emedia.Free.fr,,,,adn|eugenisme|genome|FIV|genes|chretien|brevets|embryon|clonage|ogm|bayer|transgenetique|telethon|vache_folle|avortement|bioethique|souches,8207,79,30,131,16,4618,31,260,102,26,690,78,79,358,481,531,20,677
1523,Africultures.com,filières du cinéma et de l'audiovisuel,,,,,,,,,,,,,,,,,,,,,
1525,Ramdam.com,filières de la musique et de l'édition phonographique,,,,,,,,,,,,,,,,,,,,,
1532,jenesuispas.startup.Free.fr,,,,adn|eugenisme|genome|FIV|genes|chretien|brevets|embryon|clonage|ogm|bayer|transgenetique|telethon|vache_folle|avortement|bioethique|souches,8207,79,30,131,16,4618,31,260,102,26,690,78,79,358,481,531,20,677
1565,rubannoir.Free.fr,Soutiens et antis,LE PEN Jean-Marie,,,,,,,,,,,,,,,,,,,,
1567,Liberte-Egalite-Fraternite.net,"Net-politique, forums, chats, débats... en ligne",divers,,,,,,,,,,,,,,,,,,,,
1568,Nonalahaine.net,Soutiens et antis,LE PEN Jean-Marie,,FIV|genes|chretien|brevets|embryon|clonage|vache_folle|avortement,136,,,2,,,,2,2,,106,,,10,2,2,,10
1571,letohubohu.Free.fr,mobilisations protestataires,,,,,,,,,,,,,,,,,,,,,
1575,Cheminade2002.org,Candidats,CHEMINADE Jacques,,,,,,,,,,,,,,,,,,,,
1578,rmedia.Francetv.fr,,,,FIV|genes|chretien|brevets|clonage|bayer|transgenetique|telethon|vache_folle|avortement|bioethique,86,,,2,14,2,,2,,,7,,4,6,10,4,20,15
1586,edit.Yahoo.com,,,,adn|brevets|telethon|vache_folle|avortement,50,,2,,4,,,,,,12,,,24,,8,,
1589,epf.Fr.fm,"Webzine, Cyber-Médias",divers,,,,,,,,,,,,,,,,,,,,
1590,spoirier.Lautre.net,,,,FIV|genes|brevets|transgenetique|vache_folle|avortement,78,,,,,,,10,,,12,,12,30,2,12,,
1592,rpdbocal.Ovh.org,,,,genes|ogm|transgenetique|vache_folle,20,,,,,,4,,,,4,,4,,8,,,
1593,Nanterre.fr,administration territoriale,,,,,,,,,,,,,,,,,,,,,
1594,Elunet.org,,,,,,,,,,,,,,,,,,,,,,
1599,Legifrance.gouv.fr /.../jorf_nor.ow ?numjo=CSCX0200760K,éditeurs officiels,,,,,,,,,,,,,,,,,,,,,
1600,Ifop.com,,,,chretien|clonage|vache_folle,164,,,56,,,,,,,84,,,,,,,24
1601,Ipsos.fr,,,,FIV|genes|chretien|brevets|clonage|ogm|vache_folle|avortement,569,,,52,,,19,63,,,117,,,26,162,26,,104
1602,Territorial.fr,chaîne du livre,,,,,,,,,,,,,,,,,,,,,
1603,Csa-Tmo.fr,,,,genes|chretien|embryon|clonage|transgenetique|vache_folle|avortement,581,,,15,,,,,30,,326,,30,15,90,,,75
1604,Sofres.com,,,,chretien|avortement,30,,,,,,,,,,,,,12,,,,18
1607,Cg18.fr,administration territoriale,,,,,,,,,,,,,,,,,,,,,
1609,Previsions-Elections.com,Analyses et observatoires,TOUS,,,,,,,,,,,,,,,,,,,,
1612,Godf.org,religions et spiritualité,,,,,,,,,,,,,,,,,,,,,
